use emaildb;

/*drops all tables in the emaildb
this will run if the emailbe already existed*/
drop table if exists emailAddressBridge;
drop table if exists attachmentsTable;
drop table if exists emailAddressTable;
drop table if exists emailBean;
drop table if exists foldersTable;

/*create all the nessary tables*/
create table emailBean (
	emailId INT NOT NULL auto_increment, 
    emailSubject text,  
    textMessage text, 
    htmlMessage text, 
    sendDate varchar(32), 
    receiveDate varchar(32), 
    folder int references folderstable(folderID), 
    priorty int, 
    PRIMARY KEY (emailId));
        
create table foldersTable(
	folderID INT, 
    folderName varchar(100), 
    PRIMARY KEY (folderID));

create table attachmentsTable(
	attachmentEmail INT,
    attachmentName varchar(254),
    attachmentType varchar(15),
    attachmentData longblob);

create table emailAddressTable(
	emailAddressID INT, 
    emailAddress varchar(254), 
    PRIMARY KEY (emailAddressID));

create table emailAddressBridge(
	emailKey INT references emailbean(emailID), 
	addressKey int references emailAddressTable(emailAddressID), 
	type varchar(2));

insert into foldersTable(folderID, folderName) values (1,'sent');
insert into foldersTable(folderID, folderName) values (2,'inbox');

insert into emailbean (emailId, emailSubject, textMessage, htmlMessage, sendDate, receiveDate, folder) values (1, 'Barton, Hintz and Zieme', 'UTF-8,TEXT/PLAIN,Configurable didactic budgetary management', 'UTF-8,TEXT/HTML,Configurable didactic budgetary management', '10/4/2018', '9/8/2018', 3);
insert into emailbean (emailId, emailSubject, textMessage, htmlMessage, sendDate, receiveDate, folder) values (2, 'Kerluke, Macejkovic and Schneider', 'UTF-8,TEXT/PLAIN,Object-based tangible circuit', 'UTF-8,TEXT/HTML,Object-based tangible circuit', '9/21/2018', '10/23/2018', 9);
insert into emailbean (emailId, emailSubject, textMessage, htmlMessage, sendDate, receiveDate, folder) values (3, 'Treutel, Bartoletti and Trantow', 'UTF-8,TEXT/PLAIN,Versatile hybrid support', 'UTF-8,TEXT/HTML,Versatile hybrid support', '7/15/2018', '9/21/2018', 8);
insert into emailbean (emailId, emailSubject, textMessage, htmlMessage, sendDate, receiveDate, folder) values (4, 'Mills-Osinski', 'UTF-8,TEXT/PLAIN,Synergized solution-oriented workforce', 'UTF-8,TEXT/HTML,Synergized solution-oriented workforce', '9/16/2018', '10/6/2018', 8);
insert into emailbean (emailId, emailSubject, textMessage, htmlMessage, sendDate, receiveDate, folder) values (5, 'Klocko-Wolf', 'UTF-8,TEXT/PLAIN,Object-based client-driven methodology', 'UTF-8,TEXT/HTML,Object-based client-driven methodology', '8/25/2018', '7/23/2018', 9);
insert into emailbean (emailId, emailSubject, textMessage, htmlMessage, sendDate, receiveDate, folder) values (6, 'McKenzie, Lubowitz and Wuckert', 'UTF-8,TEXT/PLAIN,Persevering modular challenge', 'UTF-8,TEXT/HTML,Persevering modular challenge', '2/21/2018', '10/3/2018', 5);
insert into emailbean (emailId, emailSubject, textMessage, htmlMessage, sendDate, receiveDate, folder) values (7, 'Satterfield and Sons', 'UTF-8,TEXT/PLAIN,Optional needs-based artificial intelligence', 'UTF-8,TEXT/HTML,Optional needs-based artificial intelligence', '5/3/2018', '10/24/2018', 2);
insert into emailbean (emailId, emailSubject, textMessage, htmlMessage, sendDate, receiveDate, folder) values (8, 'Frami, Lesch and Kuhic', 'UTF-8,TEXT/PLAIN,Visionary intangible collaboration', 'UTF-8,TEXT/HTML,Visionary intangible collaboration', '4/17/2018', '3/8/2018', 9);
insert into emailbean (emailId, emailSubject, textMessage, htmlMessage, sendDate, receiveDate, folder) values (9, 'Fahey-Kilback', 'UTF-8,TEXT/PLAIN,Focused zero tolerance knowledge user', 'UTF-8,TEXT/HTML,Focused zero tolerance knowledge user', '10/26/2018', '5/30/2018', 6);
insert into emailbean (emailId, emailSubject, textMessage, htmlMessage, sendDate, receiveDate, folder) values (10, 'Nader-Padberg', 'UTF-8,TEXT/PLAIN,Quality-focused client-server customer loyalty', 'UTF-8,TEXT/HTML,Quality-focused client-server customer loyalty', '4/30/2018', '9/18/2018', 4);
insert into emailbean (emailId, emailSubject, textMessage, htmlMessage, sendDate, receiveDate, folder) values (11, 'Oberbrunner, Pfannerstill and Rowe', 'UTF-8,TEXT/PLAIN,Enhanced fresh-thinking parallelism', 'UTF-8,TEXT/HTML,Enhanced fresh-thinking parallelism', '7/23/2018', '1/3/2018', 9);
insert into emailbean (emailId, emailSubject, textMessage, htmlMessage, sendDate, receiveDate, folder) values (12, 'Mraz-Schumm', 'UTF-8,TEXT/PLAIN,User-friendly systemic strategy', 'UTF-8,TEXT/HTML,User-friendly systemic strategy', '3/29/2018', '11/29/2017', 4);
insert into emailbean (emailId, emailSubject, textMessage, htmlMessage, sendDate, receiveDate, folder) values (13, 'Nikolaus, Zemlak and Hagenes', 'UTF-8,TEXT/PLAIN,Monitored multimedia neural-net', 'UTF-8,TEXT/HTML,Monitored multimedia neural-net', '4/6/2018', '1/11/2018', 6);
insert into emailbean (emailId, emailSubject, textMessage, htmlMessage, sendDate, receiveDate, folder) values (14, 'Heathcote-Greenholt', 'UTF-8,TEXT/PLAIN,Business-focused object-oriented synergy', 'UTF-8,TEXT/HTML,Business-focused object-oriented synergy', '11/28/2017', '6/11/2018', 7);
insert into emailbean (emailId, emailSubject, textMessage, htmlMessage, sendDate, receiveDate, folder) values (15, 'Thiel Inc', 'UTF-8,TEXT/PLAIN,Front-line client-driven application', 'UTF-8,TEXT/HTML,Front-line client-driven application', '2/23/2018', '8/7/2018', 8);
insert into emailbean (emailId, emailSubject, textMessage, htmlMessage, sendDate, receiveDate, folder) values (16, 'Ondricka, Schowalter and DuBuque', 'UTF-8,TEXT/PLAIN,Progressive object-oriented Graphic Interface', 'UTF-8,TEXT/HTML,Progressive object-oriented Graphic Interface', '6/21/2018', '12/17/2017', 5);
insert into emailbean (emailId, emailSubject, textMessage, htmlMessage, sendDate, receiveDate, folder) values (17, 'Friesen, Crooks and Rempel', 'UTF-8,TEXT/PLAIN,Managed methodical encryption', 'UTF-8,TEXT/HTML,Managed methodical encryption', '9/26/2018', '12/16/2017', 9);
insert into emailbean (emailId, emailSubject, textMessage, htmlMessage, sendDate, receiveDate, folder) values (18, 'Steuber, White and Jenkins', 'UTF-8,TEXT/PLAIN,Devolved client-driven hardware', 'UTF-8,TEXT/HTML,Devolved client-driven hardware', '8/24/2018', '5/9/2018', 5);
insert into emailbean (emailId, emailSubject, textMessage, htmlMessage, sendDate, receiveDate, folder) values (19, 'Lebsack-Bosco', 'UTF-8,TEXT/PLAIN,Face to face 3rd generation methodology', 'UTF-8,TEXT/HTML,Face to face 3rd generation methodology', '1/10/2018', '12/23/2017', 4);
insert into emailbean (emailId, emailSubject, textMessage, htmlMessage, sendDate, receiveDate, folder) values (20, 'Yost-Johnston', 'UTF-8,TEXT/PLAIN,Persistent directional functionalities', 'UTF-8,TEXT/HTML,Persistent directional functionalities', '3/7/2018', '8/16/2018', 10);
insert into emailbean (emailId, emailSubject, textMessage, htmlMessage, sendDate, receiveDate, folder) values (21, 'Romaguera, Rolfson and Champlin', 'UTF-8,TEXT/PLAIN,Adaptive empowering paradigm', 'UTF-8,TEXT/HTML,Adaptive empowering paradigm', '7/26/2018', '5/19/2018', 4);
insert into emailbean (emailId, emailSubject, textMessage, htmlMessage, sendDate, receiveDate, folder) values (22, 'Roberts LLC', 'UTF-8,TEXT/PLAIN,Streamlined clear-thinking open architecture', 'UTF-8,TEXT/HTML,Streamlined clear-thinking open architecture', '9/29/2018', '4/27/2018', 2);
insert into emailbean (emailId, emailSubject, textMessage, htmlMessage, sendDate, receiveDate, folder) values (23, 'Borer-Rippin', 'UTF-8,TEXT/PLAIN,Realigned exuding migration', 'UTF-8,TEXT/HTML,Realigned exuding migration', '8/7/2018', '4/27/2018', 2);
insert into emailbean (emailId, emailSubject, textMessage, htmlMessage, sendDate, receiveDate, folder) values (24, 'Spinka-Quitzon', 'UTF-8,TEXT/PLAIN,Upgradable static extranet', 'UTF-8,TEXT/HTML,Upgradable static extranet', '1/27/2018', '6/6/2018', 1);
insert into emailbean (emailId, emailSubject, textMessage, htmlMessage, sendDate, receiveDate, folder) values (25, 'Treutel Inc', 'UTF-8,TEXT/PLAIN,Team-oriented bottom-line productivity', 'UTF-8,TEXT/HTML,Team-oriented bottom-line productivity', '8/15/2018', '9/10/2018', 9);
insert into emailbean (emailId, emailSubject, textMessage, htmlMessage, sendDate, receiveDate, folder) values (26, 'Zboncak, Cremin and Raynor', 'UTF-8,TEXT/PLAIN,Optional foreground attitude', 'UTF-8,TEXT/HTML,Optional foreground attitude', '6/30/2018', '6/8/2018', 7);
insert into emailbean (emailId, emailSubject, textMessage, htmlMessage, sendDate, receiveDate, folder) values (27, 'Langworth Inc', 'UTF-8,TEXT/PLAIN,Customer-focused discrete focus group', 'UTF-8,TEXT/HTML,Customer-focused discrete focus group', '12/27/2017', '6/18/2018', 10);
insert into emailbean (emailId, emailSubject, textMessage, htmlMessage, sendDate, receiveDate, folder) values (28, 'Gerhold-Adams', 'UTF-8,TEXT/PLAIN,Balanced user-facing help-desk', 'UTF-8,TEXT/HTML,Balanced user-facing help-desk', '5/24/2018', '3/20/2018', 3);
insert into emailbean (emailId, emailSubject, textMessage, htmlMessage, sendDate, receiveDate, folder) values (29, 'Huel-Leffler', 'UTF-8,TEXT/PLAIN,User-friendly impactful focus group', 'UTF-8,TEXT/HTML,User-friendly impactful focus group', '5/28/2018', '10/13/2018', 6);
insert into emailbean (emailId, emailSubject, textMessage, htmlMessage, sendDate, receiveDate, folder) values (30, 'Nikolaus Inc', 'UTF-8,TEXT/PLAIN,Cloned full-range budgetary management', 'UTF-8,TEXT/HTML,Cloned full-range budgetary management', '10/24/2018', '1/25/2018', 10);
insert into emailbean (emailId, emailSubject, textMessage, htmlMessage, sendDate, receiveDate, folder) values (31, 'Runolfsson, Thompson and Hackett', 'UTF-8,TEXT/PLAIN,Phased methodical software', 'UTF-8,TEXT/HTML,Phased methodical software', '12/21/2017', '5/3/2018', 5);
insert into emailbean (emailId, emailSubject, textMessage, htmlMessage, sendDate, receiveDate, folder) values (32, 'Gulgowski-Walter', 'UTF-8,TEXT/PLAIN,Profit-focused encompassing complexity', 'UTF-8,TEXT/HTML,Profit-focused encompassing complexity', '10/13/2018', '10/29/2018', 2);
insert into emailbean (emailId, emailSubject, textMessage, htmlMessage, sendDate, receiveDate, folder) values (33, 'Grant, Windler and Durgan', 'UTF-8,TEXT/PLAIN,Organic client-server strategy', 'UTF-8,TEXT/HTML,Organic client-server strategy', '3/1/2018', '4/27/2018', 8);
insert into emailbean (emailId, emailSubject, textMessage, htmlMessage, sendDate, receiveDate, folder) values (34, 'Rippin-Adams', 'UTF-8,TEXT/PLAIN,User-centric context-sensitive contingency', 'UTF-8,TEXT/HTML,User-centric context-sensitive contingency', '11/24/2017', '4/8/2018', 5);
insert into emailbean (emailId, emailSubject, textMessage, htmlMessage, sendDate, receiveDate, folder) values (35, 'Stark, Wolff and Nader', 'UTF-8,TEXT/PLAIN,Assimilated web-enabled hub', 'UTF-8,TEXT/HTML,Assimilated web-enabled hub', '2/9/2018', '5/21/2018', 6);
insert into emailbean (emailId, emailSubject, textMessage, htmlMessage, sendDate, receiveDate, folder) values (36, 'Heathcote Inc', 'UTF-8,TEXT/PLAIN,Universal 24/7 customer loyalty', 'UTF-8,TEXT/HTML,Universal 24/7 customer loyalty', '11/13/2017', '3/24/2018', 9);
insert into emailbean (emailId, emailSubject, textMessage, htmlMessage, sendDate, receiveDate, folder) values (37, 'Spinka, Jakubowski and Crona', 'UTF-8,TEXT/PLAIN,Proactive value-added success', 'UTF-8,TEXT/HTML,Proactive value-added success', '4/14/2018', '4/20/2018', 10);
insert into emailbean (emailId, emailSubject, textMessage, htmlMessage, sendDate, receiveDate, folder) values (38, 'Harvey-Mann', 'UTF-8,TEXT/PLAIN,Cross-platform responsive matrices', 'UTF-8,TEXT/HTML,Cross-platform responsive matrices', '5/9/2018', '7/12/2018', 8);
insert into emailbean (emailId, emailSubject, textMessage, htmlMessage, sendDate, receiveDate, folder) values (39, 'Mohr, Auer and Paucek', 'UTF-8,TEXT/PLAIN,Assimilated grid-enabled project', 'UTF-8,TEXT/HTML,Assimilated grid-enabled project', '12/8/2017', '6/8/2018', 2);
insert into emailbean (emailId, emailSubject, textMessage, htmlMessage, sendDate, receiveDate, folder) values (40, 'Hodkiewicz-Kris', 'UTF-8,TEXT/PLAIN,Configurable exuding migration', 'UTF-8,TEXT/HTML,Configurable exuding migration', '11/11/2017', '11/28/2017', 1);
insert into emailbean (emailId, emailSubject, textMessage, htmlMessage, sendDate, receiveDate, folder) values (41, 'Brown Inc', 'UTF-8,TEXT/PLAIN,Horizontal clear-thinking pricing structure', 'UTF-8,TEXT/HTML,Horizontal clear-thinking pricing structure', '8/4/2018', '9/10/2018', 6);
insert into emailbean (emailId, emailSubject, textMessage, htmlMessage, sendDate, receiveDate, folder) values (42, 'Pacocha-Rutherford', 'UTF-8,TEXT/PLAIN,Inverse hybrid methodology', 'UTF-8,TEXT/HTML,Inverse hybrid methodology', '7/24/2018', '11/30/2017', 3);
insert into emailbean (emailId, emailSubject, textMessage, htmlMessage, sendDate, receiveDate, folder) values (43, 'Pfeffer-Nader', 'UTF-8,TEXT/PLAIN,Innovative asymmetric extranet', 'UTF-8,TEXT/HTML,Innovative asymmetric extranet', '5/31/2018', '2/23/2018', 2);
insert into emailbean (emailId, emailSubject, textMessage, htmlMessage, sendDate, receiveDate, folder) values (44, 'Mayer-Barrows', 'UTF-8,TEXT/PLAIN,Diverse foreground interface', 'UTF-8,TEXT/HTML,Diverse foreground interface', '10/23/2018', '10/4/2018', 7);
insert into emailbean (emailId, emailSubject, textMessage, htmlMessage, sendDate, receiveDate, folder) values (45, 'Stamm-Smith', 'UTF-8,TEXT/PLAIN,Implemented zero administration leverage', 'UTF-8,TEXT/HTML,Implemented zero administration leverage', '12/27/2017', '5/19/2018', 4);
insert into emailbean (emailId, emailSubject, textMessage, htmlMessage, sendDate, receiveDate, folder) values (46, 'Mayer, Conn and Johnston', 'UTF-8,TEXT/PLAIN,Self-enabling modular info-mediaries', 'UTF-8,TEXT/HTML,Self-enabling modular info-mediaries', '7/14/2018', '1/7/2018', 1);
insert into emailbean (emailId, emailSubject, textMessage, htmlMessage, sendDate, receiveDate, folder) values (47, 'Collier Inc', 'UTF-8,TEXT/PLAIN,Extended logistical internet solution', 'UTF-8,TEXT/HTML,Extended logistical internet solution', '5/1/2018', '3/16/2018', 7);
insert into emailbean (emailId, emailSubject, textMessage, htmlMessage, sendDate, receiveDate, folder) values (48, 'Hickle LLC', 'UTF-8,TEXT/PLAIN,Customizable analyzing interface', 'UTF-8,TEXT/HTML,Customizable analyzing interface', '9/25/2018', '9/26/2018', 3);
insert into emailbean (emailId, emailSubject, textMessage, htmlMessage, sendDate, receiveDate, folder) values (49, 'Bednar, Hettinger and Brakus', 'UTF-8,TEXT/PLAIN,Distributed hybrid task-force', 'UTF-8,TEXT/HTML,Distributed hybrid task-force', '11/3/2018', '2/6/2018', 10);
insert into emailbean (emailId, emailSubject, textMessage, htmlMessage, sendDate, receiveDate, folder) values (50, 'Jones, Lueilwitz and Fadel', 'UTF-8,TEXT/PLAIN,Streamlined demand-driven attitude', 'UTF-8,TEXT/HTML,Streamlined demand-driven attitude', '10/28/2018', '8/23/2018', 4);


insert into folderstable (folderID, folderName) values (3, 'intangible');
insert into folderstable (folderID, folderName) values (4, 'Adaptive');
insert into folderstable (folderID, folderName) values (5, 'composite');
insert into folderstable (folderID, folderName) values (6, 'intranet');
insert into folderstable (folderID, folderName) values (7, 'modular');
insert into folderstable (folderID, folderName) values (8, 'incremental');
insert into folderstable (folderID, folderName) values (9, 'Grass-roots');
insert into folderstable (folderID, folderName) values (10, 'explicit');

insert into attachmentsTable (attachmentEmail, attachmentName, attachmentType, attachmentData) values (1, 'Roderic', 'jpg', 'data:image/png;base64,iVBORw0KGgoAAAANSUhEUgAAABAAAAAQCAYAAAAf8/9hAAAABGdBTUEAAK/INwWK6QAAABl0RVh0U29mdHdhcmUAQWRvYmUgSW1hZ2VSZWFkeXHJZTwAAAJPSURBVDjLhZPNi1JRGMZv6PwBLQaiqBiIoEV7QQaiaZazrNm0qlkMRJugptpEBNJMtAmapK9lhZ8oKnq5FxQVv7qOX1dRzBxHU8eohc219OrTOVfGSZyxC4cL73nf3/O857yHEUURmUwGqVQKyWQSiUQC8XgcgiAgFovNAmCmLSadTqPf70+sarWqQMLh8FQIQ5VpQaVSUZTL5fIIQmPEBQKBwJEQhlqmyVSNBqLRqNBut9Hr9ZQ4BYZCIXi93kMhDFXdTyTFf4jlSqfTQaPdA78zdFIqleD3+8Hz/ASEocr7lmVZBi3e3etjY2uAJ58BrjLcKxaL1AU8Hs8YhCE9Sq1WS0nqdruoE+X1+ACbGeC1CDzbOoAUCgXqAk6ncwRhIpHIPOlRajabSlK61VOU9QTwPge8yY5D8vk8dQGbzaZAFEowGNSSHqVGo6EkZb/38FToQy8eQNbjALs9hORyOeoCFotldtSLz+fTkh6ler0+AXlLAB/1L8FevwBuYQb8tVNwP74Bk8l0duxESX9ajuOkWq02gugI5MOrTSTuzqPjfI5B1o29T3cQu3VRZhfUtyfulWVZrdvtlugkUohIII7lc5BIMV4sAWvHAd0cWhuX4LmiKh06XS6XS+twOCQ6iRRCbQ8EC/79fj46Ae6yenDkjNvtdg05aYkOGHf1JH69uwmQot/3GPwga3tVBc+iqjr1pVmtVo3ZbJZ43SoiK+flb2tz2H0wgy8rx8AvqWX3ouoh87/najQaNQaD4Uxg+fR9oviV2ib/HVpM9/8Cz3kffqwCPcsAAAAASUVORK5CYII=');
insert into attachmentsTable (attachmentEmail, attachmentName, attachmentType, attachmentData) values (2, 'Sean', 'jpg', 'data:image/png;base64,iVBORw0KGgoAAAANSUhEUgAAABAAAAAQCAYAAAAf8/9hAAAABGdBTUEAAK/INwWK6QAAABl0RVh0U29mdHdhcmUAQWRvYmUgSW1hZ2VSZWFkeXHJZTwAAALrSURBVDjLbZJZSFRhGIYNRyK6iC7aLiK8qG4MifZuylxaVOymjZQKDYbEJE1nskITEpeCFAy98KIJl8LUyn0Hzd3EbVKcxlnOuMyZcUads4xzznn7Z4JJzQMv3+E/3/t87/n4fQD4rBdjqIlmNOV1zHSJYXk0n7MPZvK27lSrtSNhdKlLkbG53/vC6qoPsNovDTzVAJelF8LqL4icHhJvgGCfAj9bD2tLPBaqb2ot7YqADQBG/22nY0Y1sEZ3QXQaiHTEPAmRHYHg6CfqJWdqSGs0VgbegVIFWxfblfu8AIe6KIc31pIGE0R+hlQKkmAHJKdHkmAjsDG4lmsB0Qrz93hQn27XewHLw9mUyzZGemfIpFlILgsxLXmMHrlo8k1HAI1EFeBNg9AUnOW8gKUfz50iOwuB6YPADpP4ahJ7HMLKCDEMkB10w7XSDN78HpwpCaLDgKmc45IXYGlPNDoX+8n0CXDGF2RCFmxf78NWJ4etNhaWsghwVCYYzR2s0bngDIOYzjvxL4GlU5lt68sjcS3g9AqYiwPB6lOInoLRyklNxlzWDqxOhkGSNDB9ToS2OKLDC7D3ZMgW6+RTqxOlZIEa0B/Oesws9QiMIQasLgkL+XshMp1Y/lkJdcZRnqpKPLzhHtBtysD5ymh6dbwM9qqHfwFkstvM6p5gOuM0eu4eQuslGVqubrc0hfoqNwDcMjelnNSWP5ifKwkD1x4Oce4yRFMQ9PnnMJp8BlzdW0jqRjAVSRiMPyY0B8sSfDZfzY7y1+GFr2LXPhamoSj3PN6kn0LNtV1giRkFkYBiN5DlDzr3IppCfLX/Adx6qZAbVKVlUKkqUFRcQmL7QRquwvrHlr7f/TvSlgDF43s9La2tMJtpDA0Noz5qDxwlsQAx8ak+WCLSy31B9kBtCWgpz465cf0KExoaIgUFXZCyowJc/XFHxDmFP8zP/PA7bhvaImVCY6hv2paArdR966CSTJx1xybV6Da7z/8A2VoHSyUsj6sAAAAASUVORK5CYII=');
insert into attachmentsTable (attachmentEmail, attachmentName, attachmentType, attachmentData) values (3, 'Averyl', 'jpg', 'data:image/png;base64,iVBORw0KGgoAAAANSUhEUgAAABAAAAAQCAYAAAAf8/9hAAAABGdBTUEAAK/INwWK6QAAABl0RVh0U29mdHdhcmUAQWRvYmUgSW1hZ2VSZWFkeXHJZTwAAAHeSURBVDjLjZO/i1NBEMc/u+/lBYxiLkgU7vRstLEUDyxtxV68ykIMWlocaGHrD1DxSAqxNf4t115jo6DYhCRCEsk733s7u2PxkuiRoBkYdmGZz3xndsaoKgDGmC3gLBDxbxsA31U1AKCqzCBXsywbO+e8iOgqz7JM2+32W+AiYFX1GGDHOeen06mmabrwyWSio9FI+/2+ioj2ej3tdDoLiJm+bimAhgBeUe9RmbkrT5wgT97RaDQoioIQAt1ud7/Var1h+uq+/s9+PLilw+FwqSRgJ1YpexHSKenHF4DFf/uC3b7CydsPsafraO5IkoTxeEwIARGh2WwCYNUJAOmHZ5y4eY/a7h4hPcIdHvDz/fMSnjviOCZJEiqVCtVqdfEl8RygHkz9DLZWQzOHisd9OizfckcURRhjMMbMm14CQlEC/NfPjPd2CSJQCEEEDWYBsNZijFkaCqu5Ky+blwl5geaOUDg0c8TnNssSClkER1GEtXYZcOruI6ILl1AJqATirW02Hr8sFThBVZfklyXMFdQbbDzdXzm78z4Bx7KXTcwdgzs3yizuzxAhHvVh4avqBzAzaQa4JiIHgGE9C3EcX7ezhVIgeO9/AWGdYO/9EeDNX+t8frbOdk0FHhj8BvUsfP0TH5dOAAAAAElFTkSuQmCC');
insert into attachmentsTable (attachmentEmail, attachmentName, attachmentType, attachmentData) values (4, 'Bernie', 'jpg', 'data:image/png;base64,iVBORw0KGgoAAAANSUhEUgAAABAAAAAQCAYAAAAf8/9hAAAABGdBTUEAAK/INwWK6QAAABl0RVh0U29mdHdhcmUAQWRvYmUgSW1hZ2VSZWFkeXHJZTwAAAJSSURBVDjLnZPPaxNBFMe/s0mTVJuWtI21JFhB60UUKmJB8aJo8WBBRREEb179Azx7EepBvVjBmygeKpaCYIV6EhHxJBTspRRj1Cpq22R/zMzO+J1JA8VLpcMub3ZmPu9935u3wlqLrYyxhycuKq0ng/85fHXmUvXy1LljG+Bxwk8qA4MlsZkCwnulVPullM+k0mNKqQLh5zvLOzJLtdrapgoIlwhPVcuVgPAs4emhStXD3D4kbsw+8hKMNTCpQWr40qpUQ8kUiVIIdQ22cwE9xSIaYYjP9WUEyVFo1YlsbuU0Roc7N8S00MbSSctqWqUtFlff4fXSBKwROLPrLnJiAA/mviPbxlZDzehYhwykB42HJa3VBzDSfcuv//hdQm+XQdTQLQeGhTx1sIjp938wfrgH+Y7ACeFjMV+L8ebTGs4f6cfTt8CF0T5MzHxBoUPARIqpaO0j5bOC+RoP33+1DCGA2zNfUe3rwL7BPCq9OWzPBdhdzqMZp4h41jSpoJloxM4BPV453odsIODW3PU2khSsKWvU5QQhJtQgHPriBrDNFEEjskgk8+F758U3n28YGw+4SCkdfVwKsVAPCaVwbRPRQawsTCIRrEQSMWG30YoMRtbr306Bxb2Xdfxc015B97YMJq8NQ3FuEwtx8ua8PTtSQu1XAsnFhAoS1aq8m0t/E63bUL4/Wtc71J/H3ONFZFfp2UkqFjKQrENBCag8D2laHUAZ6yHXXPTjG82pa/8BYs/1DzaOKNnnxE3p5k5eyj6mJei/qcBX9J8htvo7t8dfFzerp+lA/ogAAAAASUVORK5CYII=');
insert into attachmentsTable (attachmentEmail, attachmentName, attachmentType, attachmentData) values (5, 'Waldon', 'jpg', 'data:image/png;base64,iVBORw0KGgoAAAANSUhEUgAAABAAAAAQCAYAAAAf8/9hAAAABGdBTUEAAK/INwWK6QAAABl0RVh0U29mdHdhcmUAQWRvYmUgSW1hZ2VSZWFkeXHJZTwAAAIDSURBVDjLpZJPSJRRFMXPN46GWqRjZjkOhILU2lXUotzYqglmEQURZLtQbFEK2VLIlQVu2kXQIsOghDaFZS1yI4Vhf3CcwWSgNlmRY3z3nPu10GxEF2UXHo97ee/AuecXRFGE/6nYvzw+M5LpO3XnRNmWBRjqNI03S2dBqYXuZ50pp2ckdYhqE1VPCjKBFBprknAKc4XcjbELj3vWCXQ/7TwoqTdZ1ZSurUygurwa8VgcigS5w11gJJiIN9lpZD/ODTy59KI/DgBd4+dSLu/dnziQbqjeg2UWEQvKQBe0ejzSWm9G0FgBAHEAEJVJbm9K11ftBp0ISWQ/v0P+Ux5rFoxo3JWEJMzN54Ynrry8XCrQsXNbDYq2BMkx/nZ8QdToyNmxi6ULax88PC3j1ET/ZNe6FEi1VZZXIUAMhS8F0Ljh80oKvGvG86WzOADQCIoIggAmgiE3jfH51cmBTUFiqKnFH4tYtiISO+pgxsyx60eH/oaNIIoinLx9vKexNjnUsrcFihxLy0uYnZ9FfiEP2h8ORK30EmaGPwRrFsw4mivkjlSUVaTrEw0IEaK1uRXN+1rgkeDuoAsOh9zx8N7Yegv3Ox8tWMjBV+9fP5jJzuDb1+8o/iyu7EOCuaBI4CpQojZHuf3aoRRNGZIdMrWRqpMpJgqS4/ftcuRuzQcbBLZSvwCJx2jrjVn/uwAAAABJRU5ErkJggg==');
insert into attachmentsTable (attachmentEmail, attachmentName, attachmentType, attachmentData) values (6, 'Kakalina', 'jpg', 'data:image/png;base64,iVBORw0KGgoAAAANSUhEUgAAABAAAAAQCAYAAAAf8/9hAAAABGdBTUEAAK/INwWK6QAAABl0RVh0U29mdHdhcmUAQWRvYmUgSW1hZ2VSZWFkeXHJZTwAAANPSURBVBgZBcHdT1tlAMDh3zltORT6Ob4mtWDGMpgiU8LcEooJyiaEGbNkCkaNCVfeGP4Dr7zBG42J3hiVZInTeTMvFAPBYRhmGDBjEYaAMhhtVzraUjin5+M95/V5FCklAAAA4wtjfcCHwHmgAfADh8Ci9OSXn/d9+ysAAIAipQRgfGHMD0wC115PDmjxYANloxbDBuGaCHLMZqeEK9wZIdy3vh76/hhAkVIyvjAWAG731D/XeznZT9nUsLDZKitUSY0Dw0MKmyAGWWuepczSfeGIl79789ahCgBMdted6U0191BwbRxVQQiViqjCoIqCpbFvBtk7DNASeomek+1dtuXcAPAVL+2mgE/eOXPF97erk6VCxRMcmyEKVoCyCZvpIw51HS1+gBLd5GJ9B7Nrf566vji54rsw9uKnrzVf6FR8QbKqANnIU26I5ZyPiqmylj7Gqy6itf6DFdkk7xXxF10665Lq8sP1E37gfDKS4J6RIV+t8qyvDQ/Bzr6NaVaInpSUT0yz5ZXAksSExmbeYuCZbhxLPO8H6mr8tewYGfYtg3DNKUp2mGLRI9pg0hg3yLsvULZW0OQRR08OKJRqCAXDOLaI+aWUiiLBtspIkvgDLlN3HZRgiOyWQJURmhsqhI/6KKcdTJZw7G2QEiGE4neFVyjb5USdL0a4+hw7aQ9lZ502nvB0Yx3rd7LcpwNHFZzzVuloaSOTq2Zx/gGeJct+4Yi/HhZ2E6drksyk59H/OKY7mGBk5D10Xadtbw///CK6A++PXqO6KkA2m2V5eZloNm75ukbOHqzub789fDql3p6ZJb4f4sobV/nos6+4deM629v/0daSwDrM89vsLDd/vEnRyNLfd4nibimgfjP8w7RtOb9Mr/1O+CBINBwFIHZxCMO0GB0dJZVKMTQ0xODgIKZVwdduAhCLxlQ/gGM5785t3rtTT6SLfA4A4+5PKNJjYmKC2tpaAHRdR3qwMvXIGP6AmnQ6bSpSSgAGv3glbKTNnyP/xlOv9g4oiUSSgOojl8uxsbGBpmm0trbS1NSEI5zS3qM95ubmHitSSgAA2tvbfY399eOhx5GPmxubq7UqTVFQeKCsllyfu90pus4qKFiW5WYymbyu61f/B/q4pKqmYKY6AAAAAElFTkSuQmCC');
insert into attachmentsTable (attachmentEmail, attachmentName, attachmentType, attachmentData) values (7, 'Jake', 'jpg', 'data:image/png;base64,iVBORw0KGgoAAAANSUhEUgAAABAAAAAQCAQAAAC1+jfqAAAABGdBTUEAAK/INwWK6QAAABl0RVh0U29mdHdhcmUAQWRvYmUgSW1hZ2VSZWFkeXHJZTwAAABbSURBVCjPzdAxDoAgEERRzsFp95JbGI2ASA2SCOX3Ahtr8tuXTDIO959bCxRfpOitWS5vA+lMJg9JbKCTTmMQ1QS3ThqVQbBBlsbgpXLYE8lHCXrqLptf9km7Dzv+FwGTaznIAAAAAElFTkSuQmCC');
insert into attachmentsTable (attachmentEmail, attachmentName, attachmentType, attachmentData) values (8, 'Teri', 'jpg', 'data:image/png;base64,iVBORw0KGgoAAAANSUhEUgAAABAAAAAQCAYAAAAf8/9hAAAABGdBTUEAAK/INwWK6QAAABl0RVh0U29mdHdhcmUAQWRvYmUgSW1hZ2VSZWFkeXHJZTwAAANZSURBVDjLVZN7TFNnGIdPTMwSY/aHyTJjYkJmIjNT/zCLMS4uoomKRhMTTcjwMoJCWDTGeUFAtmIkoKIoA4QqoJRLrKyzLQ63qS2ltDtcpOXYQi1SbMFSodALp1fbn+9pgGwneU6+vN/7e75LzmEAMHNPmSWEiDASPcRnQv2/UO3L+XmWSF6oM7MyZilxfa43fTwyrYK394iLVezXnn8eURPuedT/Kg5qfAM50wHzZTf1s8TqhMDVyhR42aMT4cmnmNJnzPZJt/pLtdOo7HWhzuBMIIxvaUZhkG7iPVwR7zec+0C5fmIp43jAFPqMl92TXRmzuqat0Qq9HY+M79GiGUO1zISKxyY8eDGKloFx1HeqMKTYHQs4Hn+cfLLOQtlk5m0ts21YvMzSfX8jf101ilbWDpnKhhGHF9NeP6a8c7DYvZD8PYL6LhseyctgbNkSMos/f0XZ5MRFnK9T3sj9nYNYa4OUVhOeGY8HbyacCNJYwB8H/lA2Y7g5DVZ5MQx1u2Cs+uZYQpBe26++0MahpsMCM63MR+Pw8zyq6hvgIpEvFIL6WQmcL3PhGWwn2wRmB9ugL9szmRAcuq1xn215hWvNRrgCEcyEYgjTRJ6oCE0yOe7dyYDbJELYoYBTfQMBToaPY1pwDVnBhOBASYc76z4LUcMA7P4ISWJweHy4WnYT1eXZmHldiFhAi8DbU3D3nMaQJBOsODPeU3FwbUKw55c2dVq5CkWSfnRaPXhPh3b4Iuj8pxozXB5iQT34keMI2tPhM+eDq9mH7CuVfYnvQHilXHgo2it6gjP3dCiVWjBFF2YdlMPZmzsfPobgux/gfV0Ac1Uqhe9CyCwKvjtd/S1h2lWoxNlaDWrqxDD/dZG2rUHQlomQ/Sg8tJOhqt1I+7UJQq+QWRQIbD5Zlp1TKuGzfr4I05/5MHbcxjh7GLwtHW7DJQz8tg8/lUhwovghL/Qu/gsLA51Ol8JxHKTXdgK+MQyLD+Fl/ip016RCKdqOjLxydGm74906XZx6v/+foL29/QvCb7VacTVrA8L6SoTZO2CLU9CcmRTf/2NO3/q0ApFCqfRZLBZQb5RYsyhobGxcTgwT4cPbVoRKjn8dfVGaGn1+c0enMnfDVwur0XwS4SEmiJVC7RNi1+PWy99nOwAAAABJRU5ErkJggg==');
insert into attachmentsTable (attachmentEmail, attachmentName, attachmentType, attachmentData) values (9, 'Stephie', 'jpg', 'data:image/png;base64,iVBORw0KGgoAAAANSUhEUgAAABAAAAAQCAYAAAAf8/9hAAAABGdBTUEAAK/INwWK6QAAABl0RVh0U29mdHdhcmUAQWRvYmUgSW1hZ2VSZWFkeXHJZTwAAAGNSURBVDjLpVM9SwNBEJ297J1FQBtzjQj2dgppYiP4A1KZRoiFrYWt9rHyH6QUPBDTCimtLNSAnSB26YKg4EdMdsd5611cjwsIWRhmZ3f2zZuPVcxMsyx9fPF0NRfS2vM7lx2WtcQiJHvDRvZMluXMGNHstJH7+Wj09jHkOy1+tc3VxeC+P6TXT1sYZX2hT7cvS6lepv3zHUp2T8vXNw81dXT2yGwEGeERSbSVCC5qysYa+3vm9sJGmLFojceXJ9uklCqUIAic5G3IytahAAhqqVSiwWDwx6nogW9XKhWphaGAvC50Oh1qtVr/7oAdCwBQwjB00mg0qFqtUr1ed3YURZM7X7TWTqM2Gm3CASRJEur1etTtdp1DnrafFtJGMbVNGSBas9l0DrAzR6x8DdwASUB0RqNNGS2/gH7EInvCwMhkZTnlnX0GsP09tJER0BgMoAEAa1rETDIQvBkjBZeHMIjjuNB5Ggg0/oZWPGrHGwd7Fp9F2CAlgHKqf0aYXb6Y2mzE8d/IfrXVrN/5G81p6oa2mIEUAAAAAElFTkSuQmCC');
insert into attachmentsTable (attachmentEmail, attachmentName, attachmentType, attachmentData) values (10, 'Kingsly', 'jpg', 'data:image/png;base64,iVBORw0KGgoAAAANSUhEUgAAABAAAAAQCAYAAAAf8/9hAAAABGdBTUEAAK/INwWK6QAAABl0RVh0U29mdHdhcmUAQWRvYmUgSW1hZ2VSZWFkeXHJZTwAAAIsSURBVDjLpZNNSFRRGIafc2fGP3Iaw58SSVyYJRHGCJUVtGldJLZoUS3atIqkdYStwkWLWhjiJghCpIWRLSKMQENFC/uhhsixn0HLTFPn3uvc+30tprlOIVH0wuEsDuf53vc73zGqyv8oDHD6+tPzQC1wAIiDKopBFMsyWAZEBPFZiIT1bUNNtBlRLrRuN6gqp65NdOs/6krvK1XVrAPgIEDP0Hxg7U/BzuzfxOv3C24QAdHNucP6ykIAjFn/8ptZFwDbyRQEAFUtyVVNfHb/qnnq+2YNIBrOWVtPK19GWZweoGpXO6GCaNa0L+QDDEDbpYc4IojCvcuHmUotgjjou9vEqltITvZiVbdRV70RFR8AKwvI0ubsDHt2VDFve0H1yMIg0co40S278WYeIctT2QjeL4Bsz5ccn4wqaTcLUDvFyvQApeUx/O/9VDaeYDXZh4qHiLcGMD8duG4GO+PjOxlQJfOhn/L6I+BMMHrzFhtiNu6nERanh1FvNc9B3qvnJnt5ZoJCWaK0LI24U6CCvzxG3aF2Pj65QcSk1wDiSUC4P5QkbITUWA+xrU1IehIVm3hrA7KaoqgoQbRmL83FYxoAfJEkwPOuo7zoPsaDcyGKyuopKZ1Dva9gQozfSQCCOAkqttXSFBnRxx07G42qcvzi4FVV3aaq+xApO1vRScvJLkJWEvW+/TbYFqHiBmZfPiNxt6PPrPedhzvjc+pLiYqiInlLgx0RVHX8BxTzXjKQ0/OBAAAAAElFTkSuQmCC');
insert into attachmentsTable (attachmentEmail, attachmentName, attachmentType, attachmentData) values (11, 'Mitch', 'jpg', 'data:image/png;base64,iVBORw0KGgoAAAANSUhEUgAAABAAAAAQCAYAAAAf8/9hAAAABGdBTUEAAK/INwWK6QAAABl0RVh0U29mdHdhcmUAQWRvYmUgSW1hZ2VSZWFkeXHJZTwAAAFrSURBVDjLpZO/SmNREMZ/uVxFCGy7L+AjpAgoIUW4hZjCCDZCbCQgVlY+gaDNLghibbmy2EgQTCOp8gaWYmFrpbE4Z+azuPe6UVE2ZGBgzoHz/Zk5U5HELFFZ2/uzu9ysHT2OVZUAd+SOuSEXLkdmuITMMHd+zIfn29uH/YtfGydpbal2PLdQTX4uTEVcfR7bMXCSjoOS8ePT1NJfghKAVCYONhenBtg+vCcHkAOwcwOnTRiNRkjCzHD3TwmQZRnmlgNQTOG0mSPX6/V3TJNTmqw9FgAl0tY1nGUwHA4xM2KMbyom1Uii0+ng5oUFz1HPshy50Wh8yTp59tJCWaxfwt9VMRgMiDG+y48Kut3uWz/SGAKQP5ZEq9X6lrmMGGJhofCyclGhvyb6/T4hBEIIxBgJIXyaQq/XQ6WC8vJqHSCh3W7/1z/wQlH6cHd/vvM7bLgZbv86biWzhNyQFXvhTsF5DlCZdRsTZoxXOgYqlSAcLRcAAAAASUVORK5CYII=');
insert into attachmentsTable (attachmentEmail, attachmentName, attachmentType, attachmentData) values (12, 'Zeb', 'jpg', 'data:image/png;base64,iVBORw0KGgoAAAANSUhEUgAAABAAAAAQCAYAAAAf8/9hAAAABGdBTUEAAK/INwWK6QAAABl0RVh0U29mdHdhcmUAQWRvYmUgSW1hZ2VSZWFkeXHJZTwAAAIrSURBVDjLxVPLjhJBFD3V3dCYSZjwDipDRjCOCcTgLGalJmxYufAD0E/QHV9g3LjSsGDhik/QjTEaTdgaEsQQINEFJjwEecmr6Yf3lkJmPwsruXWrq+85dc+9VcJxHFxkKLjg0HgqlUpP1+t1drvdXrIsS2w2G9dqtXKzt21b6Lpu+P3+N4VC4QnH5/P5U3Lfy+XyL1EsFg9VVZ1kMhmwHAJIa1Tf4eH96zC+vcKLDyfwRm6i1Wo/Go/HLwnsJWPtZ2oikainUil/JBJBp9NBr9fDcDjE5aMTfPz8E835bdw6vQMhBLrd7gNFUXSPxwNN08RsNrur0alJr9eLer2OcDiMdDoNkgKSglAohEajgUqlgkAggGw2i36/j8lkImOazeYNjQMHgwGCwSC2B0d4/n6FhSlgU366cOHe1Wvwz+eUfgucJQPb7Tai0aiUqvC0WCwQi8Xw+ouBjaPA4yJzK7AUFz79OJDA0WgkwYZhgAq8z1JjAqq2tN+Wm4AqNGouXw9Bk+G4QR2SxmCO4zV7mQGz7Fh5OI79F0wkCpmqCCyXSxlzPoM9wS4DqijcjgHTJv22Q+k5ksiNFabTqQSapilJOJ79noAZa7UaMoc9qOYSG9oziUSxlriy+YpqtbrXvSPZEWjMxidwewLjMc6Oj2VxOGBO1WdivhvJZFLusf54PC5lMYHI5XKPqa/P6EP3+XyCry4T8E/2BHDoEIdv6fmH92/9Vvz31/gHd9iUVZFEDKoAAAAASUVORK5CYII=');
insert into attachmentsTable (attachmentEmail, attachmentName, attachmentType, attachmentData) values (13, 'Karim', 'jpg', 'data:image/png;base64,iVBORw0KGgoAAAANSUhEUgAAABAAAAAQCAYAAAAf8/9hAAAABGdBTUEAAK/INwWK6QAAABl0RVh0U29mdHdhcmUAQWRvYmUgSW1hZ2VSZWFkeXHJZTwAAAJMSURBVBgZpcFLiI1hGMDx//ed78yZ4RzTzGHcRpEZUpqajbsmaYpcdpRYYGEhbGwUG2VhMwslScnCwoZSChE2khW5LliImDFk3M4333nf93mfB6VsFDW/X2JmTETKBKVMUHb04kfjL0SVEBQnQghQiFE4wQWh8EYelKIQMn5a2tvGH4aoEaMhakg0ghhBlRCMIEqIihflzO1RMn77Ni5EBVFDouKjEUQJYnhRnER8MJwoPiid1YyiIaT8pGYM9tVwIbKhv8bW5R3sWNnJzoE6KxdWackStq2YSmtLwu41XTRcZNxFtAikToQgSiVLcEGplFNO3/xAksDQlRG662UWzKwwu7OFyS0pc6dVyJuRIiiaC1nuhKYolXLC9tV1sjQhd4KZ0XARVVjaW8WAZlAazci4j7iQYnkkaxSG80rhlRNXRzmwfjrjTcWAvBmJZjx5XfBm5DqjI9c4cvYLk0OTsU8DqOsn+1p4mr4NM8idYAYNJ5hB7iKqxrmb5+mZ84DBgSV0d/Zy59ll7j+9QH36C5K1x57bpv4O3o45fFCcKC4YXhQnihelXQ+yZeM6KKVsXrSfoVt7KJFy4dI10m/fhcJHaq0lapNKtLeV6KiWqFdLTKtmdE0p86UxSjmpsnnRfn45uPYM87v6SNJANlYETl59hwVDnWJesKCYi+AVi0rP4s88G77Ho+G7HBo8x/Ebu2gtVTAtk5gZ/7Js36xj3fPaD6/oW0XvjH5evn/Ivcd3efvq61BiZvyPZftmHQf2AjXgO3Dq/snhQz8A9uxhvZij7OIAAAAASUVORK5CYII=');
insert into attachmentsTable (attachmentEmail, attachmentName, attachmentType, attachmentData) values (14, 'Sax', 'jpg', 'data:image/png;base64,iVBORw0KGgoAAAANSUhEUgAAABAAAAAQCAYAAAAf8/9hAAAABGdBTUEAAK/INwWK6QAAABl0RVh0U29mdHdhcmUAQWRvYmUgSW1hZ2VSZWFkeXHJZTwAAALhSURBVDjLfZHtT1JhGMbd+kPaNElNnCHqARQ4TmnjRYRVSPk2hShMJ5IK2hQxdDqxZBnVkuYLpgg4TaeuzElutdXogyw/NNeHvrg258t0mCuuzmHLomVnu7frvp9rv+e+nhMHIO6kEsxzIZjlkLTO9Wcrc7xZ4b89MQ35gpfwZ8+fIZA7lT2j7yuM501karlj7L3/AoT0jXOcW7/6HF/2Ic+TtXWtTeQu6uSGuYMZkWIDr/tEAP85sZM7TRxGV/YSu9zxTHDcbHCG2GgN1CPwZQqm3nLItKyGfwKonGTOZBb4E8SOxFsAX8iFhfVR9L22gXk3CeXzcnjeOnHenor07nNIs6VQt04Tu1TO4+xUzojAzcF48B7uLFaiZaYYjTMV4DsJMLuTUTmqQn4R49PxBlTOIyonuM8yh/lu4utlXxHc7+2wzJXB6JOjdCQPao8CE+8eY2C5D2kdyeCpE6diInBG2W+IoQwQrgx4P9xH62wJ6r2FKB0ioRorxMMVG4zjKjx61QlmawpSzIz95MbEmpg3IJ5kHKonlOh9WYM6jwwlT/NwcViKB8sdqBlRoGrwAgXoRkoTA0nGM5GzdQlg3Iz//YDZA6yD675K2BcaUNV1CdaudrhcLjRbmqBxyNExaUBze3N0ZrPZtvV6fUNiVYL1GMB1ZHaxepjQ3q5Af38/Njc3sbGxgZWVFbR3taG6RY/Qx1B0trq6GvVIpdKemN/I0qWHao21CK6tQWMog0QqgVarhcPhgNlsjmqJRIyiK/J1GmI0GndiASxWj8Vq+UEDal06kPkklpaWEAwGEQgE4PP5wBfyI/FXT0e3sFqt4RgAk8m8odPptmmASF0QEeYJIRKJoFAookVrkiSPlErlIg2gvTGAZOqTyWTrdrt92+PxbPn9fjidThgMBphMpqimZ/QZ7aG9MQAGg3FKIBCki8XizxqNZr+6ujpM1Td2Met7mir1gNJ79Iw+oz209ye6Km+xbu69pwAAAABJRU5ErkJggg==');
insert into attachmentsTable (attachmentEmail, attachmentName, attachmentType, attachmentData) values (15, 'Rick', 'jpg', 'data:image/png;base64,iVBORw0KGgoAAAANSUhEUgAAABAAAAAQCAYAAAAf8/9hAAAABGdBTUEAAK/INwWK6QAAABl0RVh0U29mdHdhcmUAQWRvYmUgSW1hZ2VSZWFkeXHJZTwAAAJ/SURBVDjLY/j//z8DJZgsTV+9fAu+uHo8+GzvXECWAV+c3R//mTn9/ydLu4eka3ZyY/ts63T3k4Xt+4/GlqS74JONY+9Hc5tdH4wsmAmGgWv9xQKX2nMPnapOF4A1WzsEfjSzefLB0FwUHoi/szPX/05P/f0rOWk9ugHONWefzNl44X/B/L3/o7LXnn1h4fitN6i22Tx7W5tpxqYHxmnrChh+p6X+/rd10/+fsbF/f0REmiE0n7F3rDz5wb7s6Bu3gt3Vz80db69zTd1mlr11tUnGxt89Cw/8N0ha9YDhZ2LC+p8xMb9/hEdc+h4Ucu+br//JFXFNi5zKjz20KztiDzIMGFgzP+iZboQZbpSypsAgaeUjvfilqIEI9C9bV1LfvnnRaT96Ghr/zZs3739Xccn/S9aO3+cEh6nV1NTcBYm1tra+y8rKKrWzs+NG9q+EY8XR4+7RFdcmTpz4/8WLF//v3r37/+DBg//7S8v+V1dXH7p58+YPkNiRI0f+g9T4+Ph0MbjWXSgA+vc50L9vLEJq5hcXF384d/ny/4iIiG0+3t7/UlNT/0+aNOl/ZWXlfxDb29v7D0gOZAhILYNT9ZkHk9dc/A/070sjI6Oupqam7yAD/P39uezt7T/v3bv3/7lz5/4fOnTo/9q1a/+DxEByIANAahkcKo4X2JUefmBTtL9AV1c3Mz09/T3IgKCgoJ2Ojo6/3Nzc/gcGBoIxiA0SA8mBDACpRQlETSDw9fW93tvb+37VqlVv161b93/69On/CwsL/1dUVIDZIDGQHEgNSC2KAWpqasxAJxp4eXndT0lJ+ZKdnf0diH+Gh4fHAbEzkP0JJAaSA6kBqQUAGVqFjOjvxXwAAAAASUVORK5CYII=');
insert into attachmentsTable (attachmentEmail, attachmentName, attachmentType, attachmentData) values (16, 'Gray', 'jpg', 'data:image/png;base64,iVBORw0KGgoAAAANSUhEUgAAABAAAAAQCAYAAAAf8/9hAAAABGdBTUEAAK/INwWK6QAAABl0RVh0U29mdHdhcmUAQWRvYmUgSW1hZ2VSZWFkeXHJZTwAAAItSURBVDjLfVM7bBNBEH27d7alOKfYjsM3gFLjRCAgiAoFBAIhQUNJh0SLqGgpEQW2a6LQ8VGgAAqUBqWk4bAbDEgoNCALJNtJlKDzfZaZ2bNFUJI9zc7d7c57b3ZmlTEGuw3f9x9HUXQjDEOXPMiL9ft99s/UTgDNZnOMAuYLhcL1XG4EAQUhSSC7KaZYLGBp6S3c7YIbjcYlDi6Xywfz+TxWvv8AsyeJQWISAjKICSwIAritViuI4zhLJpsGMtl3u93/JaPT6RJQggsXL8s/l4MnJw+j11sVdsOPYZVGjD+IE6XiGN68foWjlePCzmuigFE5+O68T9sUlKLZTuLZ1tfW8ODWKWH86L8Hq91/5ZpVwFKZlTcWS+PQWkOR6dT4nQFMYhkrMyfl3aRnoFkBfROAhuM4W0ynngcfHjP+9law0KtJWqIgTMujtILjukN28ZwCeVs5y7jw5RE21iNRIQA88YFwCsw4tWdE8rdD4edqlCqwjHfG7yEpWUAmFwCd5sn27ev2HeloRwBsL9hKDRVkMi7u3zwm5QnDCJubgTBksxlKw0j3aWXXYo5MyygKKK+Hy8vvzg4ahXzJ87wprk673Q5IXY5T47jK9AyOHDogivbtnZBm23IX6vX6bQK5Onv6zDnPK+Dli6d/qOZP6Hxm6f/0v13KRmufhwC1Wm2CSvZrbu48Rj2PNsRwHU2g1Y1qtTq6020dXiaS3iH7sLj4/MSg/1PGT7td97+G8aA4FJOt1wAAAABJRU5ErkJggg==');
insert into attachmentsTable (attachmentEmail, attachmentName, attachmentType, attachmentData) values (17, 'Fields', 'jpg', 'data:image/png;base64,iVBORw0KGgoAAAANSUhEUgAAABAAAAAQCAYAAAAf8/9hAAAABGdBTUEAAK/INwWK6QAAABl0RVh0U29mdHdhcmUAQWRvYmUgSW1hZ2VSZWFkeXHJZTwAAAImSURBVDjLnZNNiI1hFMd/73vvzSXjKwzmRopJyFcaYmczPko+8pE0SpYsrLAglnbKAvlYSNkYjYhmSrIRRRQbKblc07Cii3Hf82Xx3jsxG/Kvp9NTz/mdc/6nJ4kI/kfdl9ftENUL6b887rm9s7K7d+va35I3i+r1jvaZk5O/ddBze+e8LJNFWZbdzES7RaQsqn0zpk0vVGu1+l87yDKZnGVZb2VaRyoiA6J6a05HpVCt1erAiuTOwOYA8AjcHHPHzVA3LFNMhHea8rI8hYltbXz78YOhwY+s1++0qVPc9PU9zN/zZ1n3P485j7584mT1FQUPrs3tolIswcPrFEeS6oPgTpiBGagSpiBKqLBKlUvjJoAa7UOvYfoCGI4WICACVh4jKbURL84TZqRLD4AOY/cOk244w+xSGX1wmvjwHESaAFVQg3AoTSAenyJZfYLEGvjTc2BO2nUQ5Dty6xCFJbvR6rMRQIpIDvCAtAjj54Ar8bVGuuYo6fL9+Jt+kqmdFLdfxN8/Ac9HpBGkDP/M53UHIFm8j3jbD1kd691DEKQLtyFXNuKv+ih2n8qNVWsCGprT3MEFf3aWpHMLfPtMYdtVkvIk7OUNSj19FJbtQu8ebwIUBJI4PStYtpfgS+66KiEKKoRIftdWVDAjzBgztgJ99ykyHCBCYmWS1grNwByiaW7qUDBIAoqeb6ypJI7MCCQgC2gAFpCNigoYudGjlPzvd27pFy1NYQEtEp0PAAAAAElFTkSuQmCC');
insert into attachmentsTable (attachmentEmail, attachmentName, attachmentType, attachmentData) values (18, 'Gabrielle', 'jpg', 'data:image/png;base64,iVBORw0KGgoAAAANSUhEUgAAABAAAAAQCAYAAAAf8/9hAAAABGdBTUEAAK/INwWK6QAAABl0RVh0U29mdHdhcmUAQWRvYmUgSW1hZ2VSZWFkeXHJZTwAAAFlSURBVBgZpcGxTpNhGIbh+20+DUkTRhkcNLBIOmG6+Q+egg4cgWExhDi5sDm5SErCoB4BDB4KjnVTBpooCTKUOvx9n4d+ISQOQNL0usI2i4hX7w7fNi/7H88n7tqAhCVSiWVk4Uxk40xSYvlhezkcnr7/9mnzoPRf9PcfLHU7K0vMo3s5yX3goExadybnY+b1r3WHmeI0u68fM6/twQlVsYVtTGUwEMH342Pu8nxjg1RSFWwyk63BL2583XlK1TQNtxmPx2iaVCWVyObz9hMIgwPZ3EcSSlEVyyhFBFjMGML0ej0uLv5i858ATABSUhUpkRJzLZgxDH8Mucuz9XUkUZVp25KZ7Hz5zY3B1gpV0zTc5uzsD9N2SlWcQhJ7bx4BppLEfTKFJaoiCcmACMBcW11dYzQaAQFhgsCGCIMD2VTl9OfJ0YfDdlOZKEVmIolsWyQhGytxGllYQqI6YiZss4gOC7oC3Q3wOtNMt7AAAAAASUVORK5CYII=');
insert into attachmentsTable (attachmentEmail, attachmentName, attachmentType, attachmentData) values (19, 'Jeana', 'jpg', 'data:image/png;base64,iVBORw0KGgoAAAANSUhEUgAAABAAAAAQCAYAAAAf8/9hAAAABGdBTUEAAK/INwWK6QAAABl0RVh0U29mdHdhcmUAQWRvYmUgSW1hZ2VSZWFkeXHJZTwAAAJrSURBVDjLpZPPS1RRHMU/982bGUcZLemHkAougmhhIhgqtUqKgggXtWnt0mUg4V9gKNGmwKJFbYMwoxDaRAsXLrQyUlMricSycmbee/e9++79tvBHZNGmLxwOnMXhcDhfJSL8z/m7hcHBwSHgyraxiOzAGMPw8LDq7+8XrTWjo6NK7U4wMDAgvb29LCwsUKlUGBsb4+HNyyRLd7h0rYrm5mbq6+uJoojl5eV3fySoqalhZmaGtrY2amtr6e7u5tmbT0xOnqSvr40gCFhZWSGfzxMEQbM//7hjuqr26FGlPACKxWO0trby6EM9T997QI6TDY20Hz7MxMQEXV1dzM3N0djYiDEm5yvxjjSduJtVSoFA/tUtCoUCTxY9SioPHjz/Ch0NGUqlElproigijmPSNMUnFY1L8vHqTWySIQwN5XIZkRrEA5VRiKdYW1sjDMO/GBjliUuwSQ5xwvr6OqsLk1yrm6ZJ5n/r51wPwH3OnoGR14cQEXyUVLk0Ivi8RrA0xam6iJZMNbnz1/EzWUwSo7UmSRKy2Sz56j0k4xcJwxBjDD7Gwy8cYH/nVfZ3Og5GEVU5w/iDEcTGAGgdYFONtZrs3gu0A1NTUwDjPkZErMaFLxG7gRe+JRHD6RP7EKdRSnDGIdYi1lBo6WHx9g1mZ2fV5hJjRFyKM1+QdAOUj9gKSAoSI+IhNsClZcSWQaldU05EFBZJvyHpj03YDSTd2OIyYkuIDRCncfFHAL1jIIn7nobr1aaSK+KKnkgWXBFk31YHCeJtsvIsVmuRxMW/DHQ8tHSr9zhCD4riP19PAPUiwcm9bUn97zv/BLX9cx0txHrHAAAAAElFTkSuQmCC');
insert into attachmentsTable (attachmentEmail, attachmentName, attachmentType, attachmentData) values (20, 'Shurwood', 'jpg', 'data:image/png;base64,iVBORw0KGgoAAAANSUhEUgAAABAAAAAQCAYAAAAf8/9hAAAABGdBTUEAAK/INwWK6QAAABl0RVh0U29mdHdhcmUAQWRvYmUgSW1hZ2VSZWFkeXHJZTwAAAJuSURBVBgZpcH7a05xHMDx9/ecI/OcXWzZRDPCqMlcFqklKZeSwi9spIRcSwrDL5K/QFJLSoTIJX4yJOQ6lkSYjfV4MGwe2549l7Pn+z3nfIz8INlPe72UiDAYFoNkMUgO/WT/njXAEcCmnwQhBAFifMT3EeMj2iDaIMYgWeOHWu90b1w7o8J9u1cCJ9T8BS55+eC6EImAMYSdHXS3f8EKApwwJMhqUl4GuroZfvdBWrRe4wB1qnyyizbQ3g4VFZBOQ1sbNDbiJZPYvk+OCEE2S2cigVtdTd+MSrf43qOjDrBBWpqPE/8+S5WOhdxcKCuDRAKiUWzPwxbBVtA1qZuixaMJXj1mxN2v30SbXfbB+w875HrDJelJVOJ55UopKCgAY+DpU7TnMUQp0mN6yF07m5K5Wwj8J2Hc+7yvtOHlSSUi/OJv3Zwv2j9nFRcvsZcvh7w85PBhemMxsuP7UKvHUThtEenPbfjJkMT7l5mWphcbLf5w6o/1hllda6IfrpkrV/mtsBDH9/GrRlIwdSlB5h05I0bjRGDUvOmRCRVl9UpE+Ju3bEW+aHPJqZq5cMjUKQSxGN+CRgpXzcGyYyhrGBLEwWRoPvsppUSEf6XmLywVbe4wb/LEVHkH5ASSW1WkHKsHZeURGs3b8y19r9/2rlciwv98OFS1V7lDD5SsXBcRfRMVJHnTkEjbyTBlK8Xr1s7tNaeilx0GYFWU1Iysro3oeD2OU0Dz7XTmWVN8x9g+72KOa1Nz6mOSfg4DsGy0stuxhxbz5saP1Ivnnds2nXl/mn84DOBLNH6rN3FnXKYr7bW2fq9bf+LdBf7jJ8/eN9kzWRDgAAAAAElFTkSuQmCC');
insert into attachmentsTable (attachmentEmail, attachmentName, attachmentType, attachmentData) values (21, 'Brittani', 'jpg', 'data:image/png;base64,iVBORw0KGgoAAAANSUhEUgAAABAAAAAQCAYAAAAf8/9hAAAABGdBTUEAAK/INwWK6QAAABl0RVh0U29mdHdhcmUAQWRvYmUgSW1hZ2VSZWFkeXHJZTwAAANZSURBVDjLVZN7TFNnGIdPTMwSY/aHyTJjYkJmIjNT/zCLMS4uoomKRhMTTcjwMoJCWDTGeUFAtmIkoKIoA4QqoJRLrKyzLQ63qS2ltDtcpOXYQi1SbMFSodALp1fbn+9pgGwneU6+vN/7e75LzmEAMHNPmSWEiDASPcRnQv2/UO3L+XmWSF6oM7MyZilxfa43fTwyrYK394iLVezXnn8eURPuedT/Kg5qfAM50wHzZTf1s8TqhMDVyhR42aMT4cmnmNJnzPZJt/pLtdOo7HWhzuBMIIxvaUZhkG7iPVwR7zec+0C5fmIp43jAFPqMl92TXRmzuqat0Qq9HY+M79GiGUO1zISKxyY8eDGKloFx1HeqMKTYHQs4Hn+cfLLOQtlk5m0ts21YvMzSfX8jf101ilbWDpnKhhGHF9NeP6a8c7DYvZD8PYL6LhseyctgbNkSMos/f0XZ5MRFnK9T3sj9nYNYa4OUVhOeGY8HbyacCNJYwB8H/lA2Y7g5DVZ5MQx1u2Cs+uZYQpBe26++0MahpsMCM63MR+Pw8zyq6hvgIpEvFIL6WQmcL3PhGWwn2wRmB9ugL9szmRAcuq1xn215hWvNRrgCEcyEYgjTRJ6oCE0yOe7dyYDbJELYoYBTfQMBToaPY1pwDVnBhOBASYc76z4LUcMA7P4ISWJweHy4WnYT1eXZmHldiFhAi8DbU3D3nMaQJBOsODPeU3FwbUKw55c2dVq5CkWSfnRaPXhPh3b4Iuj8pxozXB5iQT34keMI2tPhM+eDq9mH7CuVfYnvQHilXHgo2it6gjP3dCiVWjBFF2YdlMPZmzsfPobgux/gfV0Ac1Uqhe9CyCwKvjtd/S1h2lWoxNlaDWrqxDD/dZG2rUHQlomQ/Sg8tJOhqt1I+7UJQq+QWRQIbD5Zlp1TKuGzfr4I05/5MHbcxjh7GLwtHW7DJQz8tg8/lUhwovghL/Qu/gsLA51Ol8JxHKTXdgK+MQyLD+Fl/ip016RCKdqOjLxydGm74906XZx6v/+foL29/QvCb7VacTVrA8L6SoTZO2CLU9CcmRTf/2NO3/q0ApFCqfRZLBZQb5RYsyhobGxcTgwT4cPbVoRKjn8dfVGaGn1+c0enMnfDVwur0XwS4SEmiJVC7RNi1+PWy99nOwAAAABJRU5ErkJggg==');
insert into attachmentsTable (attachmentEmail, attachmentName, attachmentType, attachmentData) values (22, 'Ferrell', 'jpg', 'data:image/png;base64,iVBORw0KGgoAAAANSUhEUgAAABAAAAAQCAYAAAAf8/9hAAAABGdBTUEAAK/INwWK6QAAABl0RVh0U29mdHdhcmUAQWRvYmUgSW1hZ2VSZWFkeXHJZTwAAADvSURBVDjLY/z//z8DJYCJgUIwxAwImOWx22uSExvZBvz68cvm5/dfV5HFGEGxUHoiExwVf//8Zfjz+w/D719/GH79/A3UAMK/GH4CMYiWFJJk+PXrN8PN27cunWq/oA/SwwIzyUrYluHvP6AB//7A8e+/f4H4N8Pvf0D8Fyb2h+HLl696WllqJ69Nu2XOArMZpBCuGajoN1jxbwT9FyH36/dvkCt/w10Acvb+h3uxOhvoZzCbi4OLQVJSiuH1q9cMt2/cvXB7zj0beBgQAwwKtS2AFuwH2vwIqFmd5Fi40H/1BFDzQaBrdTFiYYTnBQAI58A33Wys0AAAAABJRU5ErkJggg==');
insert into attachmentsTable (attachmentEmail, attachmentName, attachmentType, attachmentData) values (23, 'Cris', 'jpg', 'data:image/png;base64,iVBORw0KGgoAAAANSUhEUgAAABAAAAAQCAYAAAAf8/9hAAAABGdBTUEAAK/INwWK6QAAABl0RVh0U29mdHdhcmUAQWRvYmUgSW1hZ2VSZWFkeXHJZTwAAAILSURBVDjLpZPNS5VBFIefmXduKVcrKKKSFBdJVJSCSfQPSC1tIxIEUQR9Qa6UQHQTuAiCFhbtWtSmoAKJJMpAqSBJ2gh9UaYXw4jU9N73zsdpMVfDIBDugWHODDMP/H7nHCUilBOaMqNsgOFe0380BLABnAUXwBbB+XjngaJACgaAXR3//A2rlw/gfcytL+UOXtwtAQAWchAC4ksPnEO8A+sQZ+PZWsQ5cJbM1t2Ql2WAgAg0d6My1cj4DcR79IFT4PL4x5fQR66hMhW45/3It7dgbQngXNQmATIbkFd9qEM9KJ8S3gyAD+iW82AXsQ8vkOxvx30dWwForI2AIKANVNVBcMjcFPpwF7rpJOHDE9SWBsyxW4TJ1xCiRFLBkC9EfSGgALXvBPJxEKpq8Pc70K1X0XvamOxpIfd5lsWZHCZrqG34TX0qGFIXaSFAsISx6+iDncj7QZK22+AtkzfPMZdW0thxkfX1e8m/G2Ji5CmmUERJ/w6h8TjCr+i6c4iNTouN7r98MEzz6T4qPw3D9Ahs3MQPU8fE0CiGvIC1KF+BWi6h97H2Es0tzheo2FYPRzv/dmDvdopBSoBnd1Y6Cy9QXL1njGJpfJDso7Ok+RmWgIX5BJNo1FqmcaS9pndddfbyzs3OGD3Fwqzjy/fE24L0qLWO82h7bdfiz9yZxKs6n8i0wEDrkLvyB9KrOCqdUGipAAAAAElFTkSuQmCC');
insert into attachmentsTable (attachmentEmail, attachmentName, attachmentType, attachmentData) values (24, 'Aloysia', 'jpg', 'data:image/png;base64,iVBORw0KGgoAAAANSUhEUgAAABAAAAAQCAYAAAAf8/9hAAAABGdBTUEAAK/INwWK6QAAABl0RVh0U29mdHdhcmUAQWRvYmUgSW1hZ2VSZWFkeXHJZTwAAANsSURBVDjLdZNrTNNnGMWb+M3wRaObc/plSxYToiZzc94quCGCVRfMnwYtUiyuUhUQKqtcCmhatAgEaKlcBNFSBYQ5lSIgQ0GFttRCL0BBoAVUVFKo/UtLBXJsiZp5+3CS98N7fjnnyfNQAFDeK1uf6nVGm5CSquS28VqPzMY0RcweVjDawmqC+QevZi6IvfJk4f//e/ThkalL8RFqTg7dHqhFo6UJiuEGdLzU4oq2HISMJo0pH+VwLpqHIgoHfD4DZHQlB1V0l+GOpRFl/VdxXMsH91Eqavr+xd5LO62MkuIfI0vN1tLWcXAvD4IQ6YI+AESdyYtPq0+QzcPNEBklYKmjEa6KxvmeUkhbxNgh3cZhXxiSZteOQWEgUXDnBWhpHeR23sPF8wB3X4Gi/xaKTJfBVEchpI2NeE0aZFoZ/MU+naxC489h4r7Zmzo7shrGUaWy4fgFE6hRTYJ5QHxLZGe9uRFRmkTsc5vZyjjI+isQVREJavpvWw7kme5nK56hWmODpPIaTPIQPL4hRFeJP3T53mGUo/XhrhuWOsRokiDS56Gyrwbn6kXYJPi1hJHbS3f3dVQqJ1FcXYaxZh5s+lqAfIpJfTXaMwOeU8Kv023K52pc67sOyd08+GZtsm48/UtKfeypJbnx5cvcffU1dXKMG9PgGr2JsXvn4DD8g1nLAxgusp0Uunx3p/hujqfvS5+MDXGKWGLlNJOZ5AymW6doe1bzMnLMViMfc44HcAweg9U9p15ZBJTSgzPqvKCfKLuK/Lh+uVS2IZ71vYv9V9Z0aChJpiTjdcg+jGZ6cyYMCZhztmNqgAnnCAP2nkTo82kgGAnF80Oc+fvEojfHjha6WCzXa6EAkxUyWOVlGGRuwVgH7505DM7h/XhlTEK3JBB+BH/qO9+MpfOAN0c4S92RSXthPiaq5Hh2Kgn94mj0KuLcsVvhNEdgeuQAbO4kPZIA+IcWYNnWs8RHm+jYSxAki4WJVD406Wx01yVCdzsHT1TBmDIzYO06iUc5NKzfnTbyLTU94Iu3YN/su/3Vug1DVaI/ALsFpiICzYnL8bAgELX8za4/6dzz31CFXl89Jo8mVq3xEhzynnO1S+BS5UIl3IaqQyvIhoQ1az81fhHgUTB1kfMMc9XMf2cDZ5qyfm+5xVv9w9fMHr0Fh4yy26byoRwAAAAASUVORK5CYII=');
insert into attachmentsTable (attachmentEmail, attachmentName, attachmentType, attachmentData) values (25, 'Ardis', 'jpg', 'data:image/png;base64,iVBORw0KGgoAAAANSUhEUgAAABAAAAAQCAYAAAAf8/9hAAAABGdBTUEAAK/INwWK6QAAABl0RVh0U29mdHdhcmUAQWRvYmUgSW1hZ2VSZWFkeXHJZTwAAAKXSURBVDjLpZNdSFNhGMefdzues7ODc2wqW5ofE5WVqNgHdRM0AkPsSykWlBddGHXhRRdRBuFNQRR0E/QduG4kjCDSCx0omKzBpNmyi5XuVG5N5o6207ZztrOdnkkJXWRCB/78zvvx/7/veZ/zElVV4X8ezUaDfr+f9vl87EZzyN920Pf0bQ+XT97ZXUlp5n4YIC5KfbdPtT3Z1A7Q3M0w+cGcrqh4PsVxCqXhKFp9fPrWSPc/A9DcDHl5uMTEQmzhC9hIZHZ1aRkKbQ0ow50X7jdvGHC0Ruq3UDLwH3io5JSZrs721hIl7i20S0kKHDX53j/OIBAI3FMUZR8KstksjbI1NTWR4dFJubWhkuF5HiwWC0z7g+lDjj2s2+1OZTKZz7IsAzKmQaNSVlZmxzA7dlykaZp4PJ43ddYSJhQKOVmWhWAweKK6VM+Oj48/4jhOL0nStcbGRjuG2IjX660jhHxKJpMVGCCgtqEiOFheWAlVi+88cgsyirSgVhiGiQiCMLpWxomJie8YYhBFsVun0z2PxWI9uJIrGo06DQbDUDgcdtpW3g8Z517FVTFhzhRphXTLEZNbNF2mCgeByR5MPYMUEolEC/IbcidyAbljl//hYZPVnG3o7Tcztdsh/W7MNDflhr1fV6vWqoDf9AARRkMHbm0WeQBX9iEPGo3GmXR88Vy943iRbn4SyOBJ0C+8gNpqE5RLkY71P9HlcmVxF8VoqimcLrIB+RFVv99zY9px8xkhbcfWy7c6YIWZqWWV+t2BBgqVRgP8KtG6kjoOUv4R4F6eBzkdhRTOFxNayGkhQjZzG187KwboYu7KVrNCUZpFEGMK8EvaXFZSr5LNXudpZ9WlpBA5q82R6pxWDaPrbvuYcv0nJj6CVSYYRbYAAAAASUVORK5CYII=');
insert into attachmentsTable (attachmentEmail, attachmentName, attachmentType, attachmentData) values (26, 'Celka', 'jpg', 'data:image/png;base64,iVBORw0KGgoAAAANSUhEUgAAABAAAAAQCAYAAAAf8/9hAAAABGdBTUEAAK/INwWK6QAAABl0RVh0U29mdHdhcmUAQWRvYmUgSW1hZ2VSZWFkeXHJZTwAAAJQSURBVDjLjZNvSBNxGMeX9O+FOAkaLbehozdGRGiMQqTIlEqJMIig3oxl0YxcgYt6FUZRryLYwpFWCr2wXgjBIMJMYhFjgZSiEXOg5c5N593udne7u+2+3V3tT22SBx/uxe/5fu7uuefRAdCpKJdJoVHB9h9qFSryuSJBYzqdpiRJymYyGZRDOYfH43lULCkW2NRwKpUCy7J5kskkSJJELBbTJARBwOv15iW58AZVoBbwPA9BELS7CsMwoCgK8XhcE3AcB/UhPp/vtyQnGBi03pYXjyAbPQuRD2sSbmUFVN9NLJ5ux9DryZJP0nqiChzjl48Oh9oYRPTAXBVksgnS0hRWu7uxXG/EfL0ZZ9yjGHgb1t4kGo0WBO6AvcUVsFP9oTZZjlQCP7ZA/r4JpHM3lup2Im6pRsRai2PX/GjoDWEk8BWJRKIg6P147mfP+CW63d16RUyOQP5SA6rLAsKyA0TNNizvM4D9/A4Tk2Ec7nuPE0+vgqbpgqBnzLl6vv8N3+x4eEsS0mAvHAJhMoAw6kHUVUF4rkeWHAKXZtA15kDL6C6tkXmBffiZs/P+NE7dC4pBhwsJY6USVjBtBO/bCswrbfq2GS+Ce9DwyooHoRvaPPzVxI67IVfHnQA+2JqQMFQgur0anP8J5IVmYEopmdbh5YQO1wMu0BxdKlB/44GLg48/HT8J8uBesH6/ViDxC5DnWiHPWjAz0wleYCGKokaJIDdI/6JMZ1nWEshr7UEZsnnBH8l+ZfpY9WA9YaWW0ba3SGBWJetY5xzq6pt/AY6/mKmzshF5AAAAAElFTkSuQmCC');
insert into attachmentsTable (attachmentEmail, attachmentName, attachmentType, attachmentData) values (27, 'Neysa', 'jpg', 'data:image/png;base64,iVBORw0KGgoAAAANSUhEUgAAABAAAAAQCAYAAAAf8/9hAAAABGdBTUEAAK/INwWK6QAAABl0RVh0U29mdHdhcmUAQWRvYmUgSW1hZ2VSZWFkeXHJZTwAAAJPSURBVDjLjZJPSFRRFMZ/7804ODhT42iaxZR/NiEFFVESGFHWTilo1SoqEGplQUQEtnSV4KrARRAELZKgVRshgoggUKgoDCUEIxumxpyZ996995wWM/knDfrgwoUDv++c7xxPVQG4f7mjG3jPRhUHx+cy/EPevUvtB4E7QH8q28r5W8OU8m8AaGg+zMPhm1RKSwCPgInB8bknawFxYOLkmbO7kqk0ZnYKVcWFJQBUld59Ofy2LlT13POnzwaADYDdydQWol+LWLHMPR4FVUDJ61sUJVicp755ZwJI/D1CHABxqLX4me2Is6jK+jmDMlGxvGkGcQAVQaxFTIiYsNbB/6kGsIgz65zvLl8jZpYJIks6244ECgeGuDL2TsUK1ijOuj8Ah1gDziLOgYJvK4xe7SMe8zd1LhQjbox9WAVgDeoEtYKqopGhLuZz+8EnioGjuyXJzEKFdF2MTCrG9GwZZxR/pQMnOCs46xDrEKcoEIRKQj1yrUl+lIRtmThB6NAIvFWAIMahtSdG0KgaZD0gofJ6+icmEha+hXyZj+jZ24BvawBxUnW1DrHVv4uqgZpQ+Vp25AuGjOcxs+DwPeX00VbE1QA4RYwgVlDrUOuQSEGhVBH8UDl1JEt2a5xk0ufYoUaaMgnEKXHgpYmi3oYdOVQUFQEFCnX4MXCR0NFUR//xNqY+LpFWy4meFmK+h2gVMPJicjIN7F+7pqXYAPlCyMjQHlCoBJbrF7pW6t8LITZSPP3H1fVdfPU5Cmxow6C+M9fYKVINWxVUFBEPVPgN0HNzn605xt0AAAAASUVORK5CYII=');
insert into attachmentsTable (attachmentEmail, attachmentName, attachmentType, attachmentData) values (28, 'Bevin', 'jpg', 'data:image/png;base64,iVBORw0KGgoAAAANSUhEUgAAABAAAAAQCAYAAAAf8/9hAAAABGdBTUEAAK/INwWK6QAAABl0RVh0U29mdHdhcmUAQWRvYmUgSW1hZ2VSZWFkeXHJZTwAAAFlSURBVBgZpcGxTpNhGIbh+20+DUkTRhkcNLBIOmG6+Q+egg4cgWExhDi5sDm5SErCoB4BDB4KjnVTBpooCTKUOvx9n4d+ISQOQNL0usI2i4hX7w7fNi/7H88n7tqAhCVSiWVk4Uxk40xSYvlhezkcnr7/9mnzoPRf9PcfLHU7K0vMo3s5yX3goExadybnY+b1r3WHmeI0u68fM6/twQlVsYVtTGUwEMH342Pu8nxjg1RSFWwyk63BL2583XlK1TQNtxmPx2iaVCWVyObz9hMIgwPZ3EcSSlEVyyhFBFjMGML0ej0uLv5i858ATABSUhUpkRJzLZgxDH8Mucuz9XUkUZVp25KZ7Hz5zY3B1gpV0zTc5uzsD9N2SlWcQhJ7bx4BppLEfTKFJaoiCcmACMBcW11dYzQaAQFhgsCGCIMD2VTl9OfJ0YfDdlOZKEVmIolsWyQhGytxGllYQqI6YiZss4gOC7oC3Q3wOtNMt7AAAAAASUVORK5CYII=');
insert into attachmentsTable (attachmentEmail, attachmentName, attachmentType, attachmentData) values (29, 'Marlene', 'jpg', 'data:image/png;base64,iVBORw0KGgoAAAANSUhEUgAAABAAAAAQCAYAAAAf8/9hAAAABGdBTUEAAK/INwWK6QAAABl0RVh0U29mdHdhcmUAQWRvYmUgSW1hZ2VSZWFkeXHJZTwAAAK/SURBVBgZBcFLiJVlGADg5/3+/4yOllro1BRZjpmXTAy7rIKCKAQJWrQpAhfRLtokroIiWkRUBEFE7QKpiCjaVBBhdqer3bQyyTE1bzPjeJk55z/f2/PEnY/v3j66ZMEDJWzBQgQIZJBVV+uB6VP5cZyZ2rHn5W19AIitT3+25/VHtqwvJZYljQQgE9KJswO7vp127ND8+d9+2XfpZy9vmwdoSxNrR9pm2a/HNSWCICvDrLouXRgM3b7mYrde1/q6nliUdd3Umy/evHb1WLwye3Jyf4mIizKzGWmKXqENmkITRFAEqvElI7bdPG7tqunRq9bd8+N1tz26NXPRw20SUBBBCpARSlCacPT0BVdf1CiDE1aM7TG+evOl+z951uzJs6+1kEnbEEJGqMOkhLZhJIu/TqXB3BErz79tzfUbnT7whn9+/uPVwSB2tJkk2ihSSkQJgaxkU6iHXXnhHRMbNpg+9Jb3PzxZl82Vnfc9c6RfEhURlAglQokQGXpNaOcnrZh518T69c4ee8+vnx/0Qf+hwX3PHJmCUjsyqUhkJtLg/EkzBz+24O8nTWyYMH/6Q99/9J2Vd7xgOsYToK01ZSZJSjDz334zk3vVbtr86TMWfvmSmam+ZuNTxq7ZZNh9A6AMK8MkK8PK5NFDvti7T3vJVTbfdIula+/30+8Xm1q83eI1d+s1RdfvALS1SzXTEz/0LesfMzb7p8uWX+uryXmv7Z7VxiJ19fPOlSv4qbPr8p7BfAXQdt3QcMj4kp7mq0+cyZ5TR884d7avNzpmYtMGK1atksne452saTDXAWi7+Vq7WrM/FLnlQTVSCgtQk8PSoaOdLKHU0LZRu2HtANrB3PC/xSPN8p039BdnZpFUwNLRFmQy2gsRaq+J2WFX/wVoI/K5ux779N6IuDHlIgBJIiWQYK7W+n1b7AL4H1KjWV696jEzAAAAAElFTkSuQmCC');
insert into attachmentsTable (attachmentEmail, attachmentName, attachmentType, attachmentData) values (30, 'Marin', 'jpg', 'data:image/png;base64,iVBORw0KGgoAAAANSUhEUgAAABAAAAAQCAQAAAC1+jfqAAAABGdBTUEAAK/INwWK6QAAABl0RVh0U29mdHdhcmUAQWRvYmUgSW1hZ2VSZWFkeXHJZTwAAABjSURBVCjPY/zPgB8wMVCqgAVElP//x/AHDH+D4S8w/sWwl5GBgfE/MSYU/IfpheiEwTNEm5D6H9lmBLxFtAmR/3+h6YWY95xoE7z/o+uHwM9Em2D7/yeSzSAICdc/xJhAMLIA+V1VH3Z4v2kAAAAASUVORK5CYII=');
insert into attachmentsTable (attachmentEmail, attachmentName, attachmentType, attachmentData) values (31, 'Janetta', 'jpg', 'data:image/png;base64,iVBORw0KGgoAAAANSUhEUgAAABAAAAAQCAYAAAAf8/9hAAAABGdBTUEAAK/INwWK6QAAABl0RVh0U29mdHdhcmUAQWRvYmUgSW1hZ2VSZWFkeXHJZTwAAAKkSURBVDjLdZPfS5NRGMf9B/wL+keCbr3wStArL/RKEdQLCxGEGqLJgkQx0A31IsUmKRbohSxds2Ws0ja3ynLzR20sdb1be3/YptPt03OmSRN64fOel/f5Pt/znPOcUwFU/Ev9A/ctYUQICpqQESKCU8Wu6/9NrBQcQv5FIMbnuMG31Ck/rDMS6WNWgnFU7FJTWWZwmex2rUY4LxRJGPB83eTZR5N36VNyIioIKqY0SvvX5K+BQwX0PKXHEvW0T2fS/4uwXqAo/2TAKFzEL00cJQP5uCkUYuk8029TRFMXoqVADufLFLvHlCo4kpcl46miWFQGBZVbmn1Z1rf00WDCpzG2qvEpATtH8DZqyXJOSJ9AUgwMKSVzDqawfLEnDmUQCsd0pt78FIMkzldJFoMGc2u7SnComH+zhyVJTqeTr9oZ4R/nhGOGioeUQWor8VtmTjImyeNi8n7PUsED4cYlB+MTE3i9XoYejTC3npYqs0qTujJwepM4PEeMeA5Z3y83eDw5ic/nwzAMPB4P9+0PCcWsK4NQ6HsGh/ewlDz7QZeNLKLKVuW7XC78fj+WZbG1tUUmk2FhYYG7th7q7Uvhq0307+cIJyGehT1T0GFmZoaNjQ2y2SzxeJxIJEI0GkXXdZRxc3MzV23MS2uS0qPtDAQO4XUMpqafMCFrHx0dZXh4mIGBAex2O729vdy+fYeGhsZs2UHSpF1hDdYkeXmnyOKXM+bDOWaDWVwbFk8DJuuxfPlBun6UE2aRTalgZeecwcFB+vr6sNlsdHV10d7eTmtrK42NjdTW1uZqamr472UKfjfo7+/H7XZjmibb29sEAgE2NzfRNI2hoSGqq6vLr+b163zP1lPs7u6ms7OTjo4O2traaGlpoampibq6urOqqqrjPwDsCp2+T9HiAAAAAElFTkSuQmCC');
insert into attachmentsTable (attachmentEmail, attachmentName, attachmentType, attachmentData) values (32, 'Nancey', 'jpg', 'data:image/png;base64,iVBORw0KGgoAAAANSUhEUgAAABAAAAAQCAYAAAAf8/9hAAAABGdBTUEAAK/INwWK6QAAABl0RVh0U29mdHdhcmUAQWRvYmUgSW1hZ2VSZWFkeXHJZTwAAAHgSURBVDjLjZLNbtNAFIXrJ8mL+QVQoVUWICFEFZCAbrJCAdpFWCC1i1QgVLEoZYFAgrY0rhPHTmwnThP/BKetU9vxT7I5zHWEhEBuWBxpFnO+c+6dWQGw8qfUisQNdnR+tD+ojQ9txz2wHPvdea1f7fDtssj9ff8fs7VnlCbCJRIzwsxNMfuZIuoGuPriwtjqlOSndS4XQMlkJuPcm2F+yXSxUGrHcD9YUDcbfC6AalMyGaNuiIvDEdx9C0FjwqAJfMGD/qRZywXQvFk6SxwfOOhvdwpGRSnYb/pslASxMYX6UHRuaDB0aGYCuO9N9J4rhW65VTC39AWgN0XnnpAPMHeN2lT1F3XrHqzXBsxXOq4+u0idGN7XMeTiaf4IvRcKP/5oIxlEWSKJjCTayeClhubaUf4SlWcCp5el0ujtEGHrOtt8asUIxQmGzCzdOS6JxW/5z5hBHguc9qjJdzekfqQGSM4jdFaFsHX7hG+sf7/5I5HaG2dV7UFD0+6K2lTxs8W1b536yuoPTVo72lwKUO+Lc6pP5nQYZ/uIeyGCMw+shbYUoBTrGYBE9UmhdI1A9CD/D0BaP6nKrC6rrZGRRGc5G+H401LAb5HBZ7WpOp3z7uUC2HtXqDKJJe/k3fsF8TkmWq5zP6gAAAAASUVORK5CYII=');
insert into attachmentsTable (attachmentEmail, attachmentName, attachmentType, attachmentData) values (33, 'Alissa', 'jpg', 'data:image/png;base64,iVBORw0KGgoAAAANSUhEUgAAABAAAAAQCAYAAAAf8/9hAAAABGdBTUEAAK/INwWK6QAAABl0RVh0U29mdHdhcmUAQWRvYmUgSW1hZ2VSZWFkeXHJZTwAAAF7SURBVDjL1VM9a8JQFD3PiEGSCO1ih1gnB0EkdCkKzp0E/0IHIRQc3bJ0LTh28me00CJ06SSddGmQGKpYHbQGVEz8wte8QIqQoYND6YXHvXC5h3POvY9QSnFMhHBk/D1A2C80TbtzU9X3hGX/bbdb1Go1UqlU6Gq1Qr1eJwEGu92uWiwWkU6nkUgk0Gq1cKtmoF29Qdd1qKpKJUmCKIoolUpGgIEgCGi321AUBbFYDPl8Hi/vQzSbBZTLCpbLJQaDAXieZ/V5AIChZ7NZPPRP8dxjxCIonMm4SKXQaDSQy+XQ6XQgyzKTFAlIYMjRaBRPZgizPY8ZeLx+CeA4DvP5HEy74zhYr9dMbnALtm1jsVi4pu1BmUUcAQ0RjMdjr/crwHQ6hWmauDyxIBEHIrGRCfdhGIY35A+zjRxe748Hk8kElmW5G/jEtWsiY9PTe/gYDhGPx71eMpn02DCQAMBoNLp3ad50u13i736z2XiZuX94F248+nPk/3+mb7TL1kbVXJ5aAAAAAElFTkSuQmCC');
insert into attachmentsTable (attachmentEmail, attachmentName, attachmentType, attachmentData) values (34, 'Ferdinand', 'jpg', 'data:image/png;base64,iVBORw0KGgoAAAANSUhEUgAAABAAAAAQCAYAAAAf8/9hAAAABGdBTUEAAK/INwWK6QAAABl0RVh0U29mdHdhcmUAQWRvYmUgSW1hZ2VSZWFkeXHJZTwAAAKoSURBVDjLnZPdS5NhGMYVRIjwnyiKPojSTiKCCP+EDoqyA0H6OrAI3VjOVso2STTLQUmUI/REVzbQXNqqvVu6LSvbJ+7L3k3Wmpturj37dFfP88aGlEc+cPOe3Nd1/e4L3ioAVTsdjuMadyScn5+v1ev1Uq1WG9l2weVy1TkcDsXi4uKCxWLR0qRTW1Lrp+nTaDRptVr9v9jpdO6i4oVQKIRUKoVIJAKr1QqdTvd2dnZ2gKYGPB4PTCYT+vr6Rv9NrrXb7XM8z4O9UqmE8nO73RgbG0tTAgwODsaVSmWrVCrdXRZW04XLNpstFAgEUCgUsLm5KRiwSSQSSKfTCIfDUKlUUCgUTSKRqJZpGXI1nVfBYFBAZgKGzZbz+TwYjc+mRcjSiXxmHTMzM5DL5e1l6ipa1N0ychmbEfj9flAyrAR94E23EPeO45dTDXa/TCabrhiYzWYTQyzjMvRisQhCiHD38pdnWHWPoPDbh6XJJny3TEEikegrBgaDIZrL5SpChp3NZpHJZBALu+DWXkB2dRLZcD/W/FPQPTlXui2+2VgxME5MRFkawy4LWWGpjQ0sm3oQW9IgG+oC13Mc+bgG3543lr4+PXO2YmAdGuJYByxdENIik8kkIl4DlvUdyEVfgPiawSnrkeHFSATewKo66bI8PFEnGHjFouF0by/yRqOAv0GTk4k1uF9fwTotLvOjDWnP+b/jvURPGQBveIRP9xvuCAZ8S0uN70brHOnuEkpjhfKfR8Fz/chFHgvpae9FekKD8CWB6yA/teC6j/wy3Dt8SLgj0NxcY792dVgrFnOj7W1x7sHpIon5kVvTIxulHUTHt8xLFFIOrJhH8L5j//i2PxPFi5mUx4hRfpTQJEKTyEfZQfKh8wChIqKX7CN68V7yTrTH+Aes5yJtFoFr+wAAAABJRU5ErkJggg==');
insert into attachmentsTable (attachmentEmail, attachmentName, attachmentType, attachmentData) values (35, 'Ced', 'jpg', 'data:image/png;base64,iVBORw0KGgoAAAANSUhEUgAAABAAAAAQCAYAAAAf8/9hAAAABGdBTUEAAK/INwWK6QAAABl0RVh0U29mdHdhcmUAQWRvYmUgSW1hZ2VSZWFkeXHJZTwAAAJPSURBVDjLhZPNi1JRGMZv6PwBLQaiqBiIoEV7QQaiaZazrNm0qlkMRJugptpEBNJMtAmapK9lhZ8oKnq5FxQVv7qOX1dRzBxHU8eohc219OrTOVfGSZyxC4cL73nf3/O857yHEUURmUwGqVQKyWQSiUQC8XgcgiAgFovNAmCmLSadTqPf70+sarWqQMLh8FQIQ5VpQaVSUZTL5fIIQmPEBQKBwJEQhlqmyVSNBqLRqNBut9Hr9ZQ4BYZCIXi93kMhDFXdTyTFf4jlSqfTQaPdA78zdFIqleD3+8Hz/ASEocr7lmVZBi3e3etjY2uAJ58BrjLcKxaL1AU8Hs8YhCE9Sq1WS0nqdruoE+X1+ACbGeC1CDzbOoAUCgXqAk6ncwRhIpHIPOlRajabSlK61VOU9QTwPge8yY5D8vk8dQGbzaZAFEowGNSSHqVGo6EkZb/38FToQy8eQNbjALs9hORyOeoCFotldtSLz+fTkh6ler0+AXlLAB/1L8FevwBuYQb8tVNwP74Bk8l0duxESX9ajuOkWq02gugI5MOrTSTuzqPjfI5B1o29T3cQu3VRZhfUtyfulWVZrdvtlugkUohIII7lc5BIMV4sAWvHAd0cWhuX4LmiKh06XS6XS+twOCQ6iRRCbQ8EC/79fj46Ae6yenDkjNvtdg05aYkOGHf1JH69uwmQot/3GPwga3tVBc+iqjr1pVmtVo3ZbJZ43SoiK+flb2tz2H0wgy8rx8AvqWX3ouoh87/najQaNQaD4Uxg+fR9oviV2ib/HVpM9/8Cz3kffqwCPcsAAAAASUVORK5CYII=');
insert into attachmentsTable (attachmentEmail, attachmentName, attachmentType, attachmentData) values (36, 'Genevra', 'jpg', 'data:image/png;base64,iVBORw0KGgoAAAANSUhEUgAAABAAAAAQCAYAAAAf8/9hAAAABGdBTUEAAK/INwWK6QAAABl0RVh0U29mdHdhcmUAQWRvYmUgSW1hZ2VSZWFkeXHJZTwAAAKYSURBVBgZBcFNiFZlGADQ87z3zjfjzDiMk5VimERmBmFpKgVRVATRQLRo5aaNhFA7pZW0qV1Ci0BoUVRQtLc2UmQaJVhBVChUhP2YDuow5sz3c7/36Zx46uipF9fNTR4oYQ82oC+QQVZdrb8tX83PY+X6kdPHF4cAAPHMG2dOf/jKnp2lxHymBiAT0tJ/Ix+dW/bvxcHqLz+dXzhzfHEAAG1pYkevbeZ/vqIpJWRlnFXXpbXR2OPb19t/T+tsXZrOeu/1x17+dMOpt58dAJSImM3MptcUbdAUmiCCIlBtnutZ3LvZtrsn17VzM+8BQEkCCkqEEqFEKBFKEy5dW3Pn7Mh9C+Hgw7doJpoXAKCFTNoGEeo4KaFt6GXx69U0rJ1ahx69a1K0pQOANpNEG0WVooTA+ycuWD/J6rCzYbbnnytrPivs2jQ7dfidH/P6ypovfvh7f5uoiKAIiaysrfY9sW+H53bPOvHtX44e2AkAPvhySa1xttSOTCoyE6kUVgcj12504OS5ywD6HSsDlpaHIqq21pzKTBIASSmhSUbj6tih3WpNiUaabhkMBlZuDrWjYfZHNade+24oI2UGlYWJoj8Yef2TP5SgG1d1XCUyk2R6omq7bmw8ZvPchAduLcbJODh7IQ3GnaZMIIWxiJA1ZVZdNzIcdtpuUGtXaw7H4ptLnRTgxurIRLQOLa7X1SEKSUY11fa8+fFFV1duakf98eWZXrPx1fuHM1mzVMCRU6kxoVrz7vcv2Ti9VSiWVv90cO9biimrg6E2Io89ffir5yPiwZQL6Eu2b52d2raJ22dveHLXPvO9LRSW+1vcNtOZ7tFGiMwEAAAPHTr59fY71j0yPzlvqp3T1ZGoVeRYjVXnL/7uysrI/62cRssvlMuuAAAAAElFTkSuQmCC');
insert into attachmentsTable (attachmentEmail, attachmentName, attachmentType, attachmentData) values (37, 'Sonnie', 'jpg', 'data:image/png;base64,iVBORw0KGgoAAAANSUhEUgAAABAAAAAQCAYAAAAf8/9hAAAABGdBTUEAAK/INwWK6QAAABl0RVh0U29mdHdhcmUAQWRvYmUgSW1hZ2VSZWFkeXHJZTwAAAKySURBVDjLpVNfSFNRGP+de++2a66Fm3PNdKArUnCaiSijPzCR6qGg3i2itygQetDHXiIf6qWaYBA9+BL0EGhPlZUwQoQo1mpsAxss1Klzc3O72527t+9cUXor6MDvfBfu9/u+3/l95zBd1/E/S+Lb1NTUvXK5HKhWq3W1Wo1VKhWToihmHjVNYxaLRbXb7a/HxsZGef7IyEgfhZ/T09ObLBgMHhJFMdfb2wuuhggGol/e4urFY1CXnuHR+w7YXJ2IxxPXstnsYyLbCFz6gOj1eiNdXV12l8uFVCqF1dVVbGxsoNnTgY+f1xErnERP32kwxrCysnJZEASLLMuQJInl8/kzEnU9arPZEIlE0NTUBJ/PBzoK6ChwOp2IRqMIhUJwOBwIBAJIp9PI5XJGTiwWOy7xxLW1NTQ2NqJa78GDOQXFHQaN9FmYCWdb2mEvFEh+HFwlJyYSCbjdbuOoAt+KxSJaW1sx+01FRRcgmwhmATXBhPlf9QYxk8kYZFVVQQbvq5R4AXLbwHbNTEQRkkAOkUWMNlU3gyZkgJN5Hv/m0VDAq+xV5UvXtV0yFREIosBQKpWMnD8V7BXYV0COwqzXYUeTIfAJ6bsqzFCwtbUFq4chXJpDqW4bB/ryWM8uGQXE7u7uu1ar1XDW46xHWjGjysTdW6YpOKJ+R2L5A9r9NpzqH8BQ/3lU5QxSahjZ3DYk3p134ONxZLMYaGszzOFyC+R+OByG5NvEiQ4/mVpDj3sY7368xKDPj2R8FhJ1Hk0mk/dJjqWhoYEtLi4yXoDL45EM0w97a8zErLjQecNQdmfoKU1skkya4Ub//TH5b7coVy6dk3fodowPP8fEm+uQRQtevJopC//y4jRde7gQ/kSGSkZnM5MQ+jrPfwXZvz7nwVvNExRuEg4SCoTJhSfL478BoeOJpjqa+ZsAAAAASUVORK5CYII=');
insert into attachmentsTable (attachmentEmail, attachmentName, attachmentType, attachmentData) values (38, 'Brier', 'jpg', 'data:image/png;base64,iVBORw0KGgoAAAANSUhEUgAAABAAAAAQCAYAAAAf8/9hAAAABGdBTUEAAK/INwWK6QAAABl0RVh0U29mdHdhcmUAQWRvYmUgSW1hZ2VSZWFkeXHJZTwAAAG2SURBVDjLrZNJKIRhGMdHxpTtwIUoRRxdlZvcJsuFcBAHFHGSSBKlbCUZOTgolLKXskyDshwsJWQLYx+DGcaSsWS+5+95Z5jQzJjirf/hfb9+v+d5l08GQPaXyP5NkFGnDuT0cF45cBENJ9KRYKRvdg9vFgmuxujSkZDscxR2AU/8OBaJCHdPhKsHgv6eoLslnJgIh9eEfYMErcEmr+hcEJKYr4KworYZ68dLBvV3hDOGj28IBx/wzqWELb1N0NC/IgQJDgXnDJ+aPmAjYe/KBm8yvK5zLrBvQbR/xFW1Rgm7DG9fSNhgeE0nBBaroLJ7UQhiHR6ikHwdopu1M8kq/nGI3s6u0fJ5ZR3qLbtIoyrARFoQpuLlGE70oZb0QM2vD4kl2guTGV3VmVgticXzWBNoWw1zbzGWC6NRk+o/7Qpuah/fFJ08DiX50RPDUCUBZQFAbTiMjXHoUyrIGRzBOeTkirlom1aGv53NbVUwJnndrfc+wJUeO3IAhl5KZTBxTvI9Maj0IrcErVkhcwt5UdCXhcNQ7oWDXA9MJctRn+I77/Zf15wdOtOvVEii7QGuzPCsWH8HCxz5pzmy7lQAAAAASUVORK5CYII=');
insert into attachmentsTable (attachmentEmail, attachmentName, attachmentType, attachmentData) values (39, 'Taber', 'jpg', 'data:image/png;base64,iVBORw0KGgoAAAANSUhEUgAAABAAAAAQCAYAAAAf8/9hAAAABGdBTUEAAK/INwWK6QAAABl0RVh0U29mdHdhcmUAQWRvYmUgSW1hZ2VSZWFkeXHJZTwAAACxSURBVDjL7dItC8JQAIXh491HWbDvD1pEDIIKm1zDxqKi0WIULAZFYc1msF3ErEZlMC9Mhxx/gTAR28KpDxx4QRK/DCXwAbDg0oLMTShtQF0F5AlwvwHkqy+Zxxs+lwsmvs8DKrIw8DCh8njNLOxRtxrU4yF3MFRhIBFQ2XxG3W7yXq8xjULGsIsDFwF58zzq0YBpFPDc6XIKp/iFI4S7h5BbWGoFW03gyABVtyzxT8Ab8Xzei+tkcykAAAAASUVORK5CYII=');
insert into attachmentsTable (attachmentEmail, attachmentName, attachmentType, attachmentData) values (40, 'Reeba', 'jpg', 'data:image/png;base64,iVBORw0KGgoAAAANSUhEUgAAABAAAAAQCAYAAAAf8/9hAAAABGdBTUEAAK/INwWK6QAAABl0RVh0U29mdHdhcmUAQWRvYmUgSW1hZ2VSZWFkeXHJZTwAAAKoSURBVDjLpVM9TFNRFP7ubWvb1x+QQAtRIFaRmEakaYiGiJaAurioiYsxXXVxMHESB40TJI5OOihxq0sZTDBq6kANikAJNLSBAokQ29q/1x/69673PoSoMS6c5Oa8c979zv2+k3MIYwz7MYp9mvb3IBKJ9HB3T7BSFAXcW8Q3P/KvWOTHXC5XaBdDRDIajZ7jflyn03VYrVYQQnZ+cr9bTJjwyWQSxWJxg+dv9vX1fST81SEevLXZbKRWlLE++wlyfBO5+BZq5ZIK1BkkWGxtsNoPoePUaTCdHqurqxzGLpDl5eVZDu41m8148+QBVoLv/qv5aP8QBm/fR6lUEsznNF6vd2xtbU3vcDhw7IwHBTmrXqxXymC1GpdB0XnSDvfFw7C0n0XXwGUYG5pUOYlEQtJyBrnh4WFLuVwG7wEGvHeg0WjUIoVCAay+jVx4FJbWfjQVMjB1diEej6t3uIQkTafTU3a7HQaDQaUVi8WQSqWQzWZR4wwK3yZhanbD2uZCfuMDVhYDKrharQoWE9Tn8z3f1ScKCGr5fF59XU6uIL8+CUtzI+o5P2zOG6CJ99BpqcqCMxihCwsLOQEWIJE0mUzQ6/WglKC6NYmW7ivA9ldMv3wFc2MJJL2E2o95wS7l8XjyVJZlRXRTkiQIKep4Uop6JowDrAzLwSKUcgxgCur5zzjiuYvU/DhQyYyqd7mWkNPpvOX3+8O8H8hkMqCEoRD1obGjF0oxxLEluK91Q6ls8l5F0OI4D33osX5vEsnO6EmBQOCFVqu92lRbIhKR0XrcyF+d5lormHkd5kVOgGgaAOMlfHk2EmeKMkj+3sZgMNhO5x5u9Fx/Cg1d47OQ5ln2x/5pjN34vjiHyMQjH/nXOk+NuZOsrkhM4YsklmjvsD2PneWa+QnIJn6IP3aTNQAAAABJRU5ErkJggg==');
insert into attachmentsTable (attachmentEmail, attachmentName, attachmentType, attachmentData) values (41, 'Corilla', 'jpg', 'data:image/png;base64,iVBORw0KGgoAAAANSUhEUgAAABAAAAAQCAQAAAC1+jfqAAAABGdBTUEAAK/INwWK6QAAABl0RVh0U29mdHdhcmUAQWRvYmUgSW1hZ2VSZWFkeXHJZTwAAAEkSURBVCjPbdE9S0IBGIbhxxobWxP8D8r5I60RLg0NNTS21VBRQwg1aA4VOAWBpBVCFhKUtkVJtPQx9GFFWh49x3P0bvAjjsWzXrzvcAtpREEZfQtoACEkpKBVdpouv7NYi3SJkAynWcXExKTCJ6+4PLPeIZJPhksdmzp1vilTwqVGlWhEgR6wsbGpU+OLt94rGfJ1gIOLi4OFSYV3Sjx5QXdtkiHFx//gjiwlTshyT5LV3T8gwy3HFLnhkCuWmB3qA0Uu2WGOZVIUmN/ru5CiwAsLNLCI8cg+i3hAggMeiNOgwQbXRJnwghoX5DkiTow0OcLJ8HAbtLpkkzwJCuTY4pQppgeFFLJNtxMrzSRFtlnhvDXO6Fk7ll8hb+wZxpChoPzoB6aiXIYcSLDWAAAAAElFTkSuQmCC');
insert into attachmentsTable (attachmentEmail, attachmentName, attachmentType, attachmentData) values (42, 'Heinrik', 'jpg', 'data:image/png;base64,iVBORw0KGgoAAAANSUhEUgAAABAAAAAQCAYAAAAf8/9hAAAABGdBTUEAAK/INwWK6QAAABl0RVh0U29mdHdhcmUAQWRvYmUgSW1hZ2VSZWFkeXHJZTwAAAIRSURBVDjLjZO9a1NhFMabozgIgqjgYkGwY7dKRScXBf8C/QfUycnBDpk6dHATkiGziEtFcBGkaZrmQ5M2sWlD0zbahgSS5t6ENLm5Nx837eM5r016k7boC8/ynvf5nXMeeMcAjIn43GJNsab/odssGvgcgKl2u31g2/Zhr9fDWeI6PB7POyfECZgWc7PZhGmaA9XrddRqNZTLZQUplUrwer0DSN/sEoA8aLVa6HQ6SDcaeJ7L4dH2FkoM0DRNASzLgjTx+Xx/IaMAMX/QddxMb4CSSdxY+4ly/QA6342upDIZBaSYfm09xeYE7m9u4v3+Php8J6tUKhU1SbFYPB/wbPc3KLGKh1sZWLYNzkWFJ3k0eC3Jo1qtDgNoJT7pcrtfzHPhCne+uBLHR11DgB9/5bsFlkBkf8MwFGgYkEzMS1cGgeIxPEinMZPbA0XCoHAIV6MRdLtdlY9ARMOAeOw1+f2rFPsB+h7F20IBc/k8JgS4HMQdvpdVBCCSaU5l4PJ6ZsV8mZU1m+rB49QaaCmAl5mMmkAk5iEAdyUe9QkFl3QZ91U2C5uLs3u7uBBYxCVWmDPoA/o6AUQjXxhwJOZ7HKDG9De/sqCAH7S4gJmdbTX+qE4A4VCeQssGff70rWBZR1J4urGO68Eg3DyNddztDB0OMjjO4S4HZErhvM/kNPNbQ/1eB2BcIP/xnfuSrz/+BzfCswvzr5lXAAAAAElFTkSuQmCC');
insert into attachmentsTable (attachmentEmail, attachmentName, attachmentType, attachmentData) values (43, 'Basil', 'jpg', 'data:image/png;base64,iVBORw0KGgoAAAANSUhEUgAAABAAAAAQCAYAAAAf8/9hAAAABGdBTUEAAK/INwWK6QAAABl0RVh0U29mdHdhcmUAQWRvYmUgSW1hZ2VSZWFkeXHJZTwAAAJGSURBVDjLpZNLbMxxEMc//+42Sh/b7cOjEVXV165UDw7iSkIEFxcuEpc2JOJxQkIkHnFz4+Ikri6kRBsbKhLR6ksvJEokdotVVbZLdx4OW0pajcRcJvkl8/3N9zMzgbvzPxGe7/Hs4IkRM42rmqvq7fMbL+34m0DB3OLjFRjxppImGsoaAlHduFAHcwROtV0cn5bpTM5zZKYziMjwQgKBu3Nu6KSbKaqG5rO3RJsDMWEoNfxZRFVVC0SEq7uuR+cwUFMaixswN8wdxwI1wx1i1bGIuuJuPBl9Oj9EVUXdMDeSX98w8W0CccHcKQhCmDn1kQZE5C8CooykRygrjLCsuIYPU2nUNW/Hv6OmCEplSSW7r+10EUFE6WzvCoLf9+BIosNj1TFGPg6iZpgr4oa6UlYYYWXpKswcx0j0PeDugUTwxx6IKOqKaD7rTLGa0vjsJWsH7hBKjZGNljJZE521cPheu4so5UXlqBk5z+WZmCJmtD1LsSldQPPeoyyqi5Md7mLpw266txQeCv/8Ob6sBcV5NTlKrKL110TMjfreBE37T1P08j70nGNJpJw1tbX0P/ejYYCcCIIy+L6fdVXrGR17RTKdQlWpilSx4VOGouV1sP3YLP0zKwhZsDrfQU5QM+KVrYgayXSKG/tuBQDbrmz2bHkJU4OdFN88yPfsGFPAl8kQGiI5Y0HofdGHqDIzom+zYMUGVtcEVY97gtqKxYRDhXz5ILx+F6jjl4N/PedHe1Ydz4wnO0Ia1GrI3zpc2dolF34Ah+h1f9LfEqAAAAAASUVORK5CYII=');
insert into attachmentsTable (attachmentEmail, attachmentName, attachmentType, attachmentData) values (44, 'Atalanta', 'jpg', 'data:image/png;base64,iVBORw0KGgoAAAANSUhEUgAAABAAAAAQCAYAAAAf8/9hAAAABGdBTUEAAK/INwWK6QAAABl0RVh0U29mdHdhcmUAQWRvYmUgSW1hZ2VSZWFkeXHJZTwAAAKaSURBVDjLrZNdSFNhGMdPF15EdOO94E230kXR6sIZZl4VkRiVMdOLiqC6sMgr08hQQUqUnBFJbRqKpa6yrw2bzm162lduY2dubjvbbF/Oj+WZuu38e8+hdRNGUA/8eDnw/P/v83FeCgD1L1D/1YBhmBKCwuVyKZxOp8LhcIzZ7fax+fl5hc1mU1itVoXZbC75zcDtdpcSYWBxcRGJRALLy8siyWRSPOPxuEg0GgUxBU3Tgbm5uVLRgIjLiZhfWVlBPMziy5thTD59iPG223jZcl1E1d6Iyf4umCZGSE4QsVgMRqORNxgM5ULZFkGcyWTExAenDv4RVUcjUqmUaDIzM2OhSDnrGo0GPM8jS0w+ytuhvFmLRxfK0XVaItIrq8DgrTrQfefhV9Xhm0kptjQ9Pb1GKZXKUCQSQTqdRjabFc/t7W0RobI8Yb0cidkbyKRmsaS+CJduCFNTU16qu7t7GD9DKI1MH4JhfnACQWM/YloZMqsKrNqbkTA0wTtQjU/yhneUVCqtzBsIfZG1wePxwO/3w+fzQdiM5/U1bCWHsLnUhM3IY6zamsCxzWDkZWtUYWHh4fztglgQBYNBsCyLQCAgfi98uIfv3nZw/qtIsw3gfLXg3NUw3ZGkqIKCgkNklZZcLieWKwjC4TBCoRBY+yQCE5cQ0tRjnZGBWziJtLcGGy4ibtmfeX62+BxFYrdgMjo66iRGsFgs4gyC9CB8IzWk1D5seKrAMcdh6pHC2nEMtjbp1gtZcdWvP5HELsIerVY7QnbLC32H3l8hPT/D+lcJOGclzL1HMSa/y2vejr/6LCvau+Nj0uv1RTqdLutR1WMreh8bzAnQPWVQPWnNqdXqor9+jbOdB1od/RVRuvOIf+DyvjM75f0AOEMKvrn+ie0AAAAASUVORK5CYII=');
insert into attachmentsTable (attachmentEmail, attachmentName, attachmentType, attachmentData) values (45, 'Pyotr', 'jpg', 'data:image/png;base64,iVBORw0KGgoAAAANSUhEUgAAABAAAAAQCAYAAAAf8/9hAAAABGdBTUEAAK/INwWK6QAAABl0RVh0U29mdHdhcmUAQWRvYmUgSW1hZ2VSZWFkeXHJZTwAAAHpSURBVDjLhZNbbxJhEIb3T/RWw78g2fjLvLE2ppe1TYNtvGuNRo6BcA4kIBBOgXCU3QXploCAmNQE/VY55PWbj7CWcPBibuab95l3ZmelZrOJRqOBWq2GarWKSqWCcrmMUqmEYrF4BEA6FFK9XsdyudyKfr8vILlc7iBEos4k6PV6orOu6yaEctwF0un0XohElqmYulGiUCiUptMp5vO5yBMwm80ikUjshEjUdV3IxX+45Z5hGPj29RcykbF463a7SKVSiMfjWxCJOq8tLxYLkPj72MCbEw3nz1WkwytIp9MhF4hEIhsQic/IJpOJKJrNZqKz7aWGm7Mu3l/quDppmxBN08gFAoGACZHy+fwzPiMbj1dFSvVBdL49v8PHq/stiKqq5AJer1dABCWTych8RjYajURRu/EDtmMV7y7+QWzHGj4FV++tVotcwO12H5mzJJNJmc/IhsPhFuSDTcfb0w6uTz/zr7MQLkKhEJxO59ONjfL55FgsxgaDgQm5fKHg+lUbtxdt/Jwaj8UWc4THEY1G5XA4zOgSxeLqD7h5/QW/jbkpdjgcFnOJu44jGAzKfr+f0SWuPzGJeX5DvBdA4fP5rHzTjA5MUZSd4oMACo/HY3W5XIzEdrvdsvOU//e78q5WLn6y7/0viZYv/mL7AwwAAAAASUVORK5CYII=');
insert into attachmentsTable (attachmentEmail, attachmentName, attachmentType, attachmentData) values (46, 'Sheena', 'jpg', 'data:image/png;base64,iVBORw0KGgoAAAANSUhEUgAAABAAAAAQCAYAAAAf8/9hAAAABGdBTUEAAK/INwWK6QAAABl0RVh0U29mdHdhcmUAQWRvYmUgSW1hZ2VSZWFkeXHJZTwAAAD9SURBVDjLY/j//z8DJRiFEzLlgS7ZBgA1C3XtePUFRJNlQOW655dmHXz7H0SD+OXl5f9LSkr+FxQU/M/Ozv6fmpr6PyEh4X9kZOT/4ODgbKxemLD79X+KwqBvxyvKDGjb8hJuQHp6+v/ExMT/0dHR/0NCQv77+vr+d3Nz+4/XgNo1zyhzQfLch88oMiBq6j24Af7+/v89PDz+Ozo6/reysvpvZGT0X1tb+7+Kisp/OTm5lVgNSJr5gDIvRE+9R74Bng03rmXNf/jfo+HGVRDfxMTkv66u7n81NbX/8vLy/yUlJf8LCwvjjgX18NOartXXToNosr1AqmYMA8jBAE8T0gwxA4F9AAAAAElFTkSuQmCC');
insert into attachmentsTable (attachmentEmail, attachmentName, attachmentType, attachmentData) values (47, 'Delia', 'jpg', 'data:image/png;base64,iVBORw0KGgoAAAANSUhEUgAAABAAAAAQCAYAAAAf8/9hAAAABGdBTUEAAK/INwWK6QAAABl0RVh0U29mdHdhcmUAQWRvYmUgSW1hZ2VSZWFkeXHJZTwAAAJVSURBVDjLpZNLSJRhFIafGf/QTJ008zKKIWTgQkdByMxW5SJQgmjVToKCcNNlIQTRosCNu3IhgbsWCSG6ELwUlJi1KS3FCymUDCWh43VG5zvntPgnaxMIfXA23+J9H973nICZ8T/PG3l0+p8KqoaqIWo4UUQUJ4pzihP/zwMoqalERcAMMwMLYoAJmBmmijpFRVA1UDCCTL6f9AVUHLHlH8TXNg7knB3KoTBc9IfAxIivbTB84R1m+O721wD3w7fIOlwGKD0PujleUICIEgTQVAqjO12M7jxhNzCHKLjUJAXerkbQ+BSmezhRLJVB0Gf2sWuPLrEb6OXl9g2SGsMJJB04B1O7TQyunGFj6wsiiiqIWoogJeDEUZcdQUR4nbhEknlfRGBuq4S+2HVuLz7dJ1A1PFVDnfiBaZLpjSmaS/KJbifYTmtmdbOGXL3Ct5WzbCWKUJdGtZrfyt8CTpRI/k+qjhUTzjhJdUhRq+Zr9jzKM8p2n5OIecR3Enw8dYJEfB0P8EQNdYaIUphejpribA81xVCKM8qIzqyTuRXkXGMdpXkVvJruY+LzG7xMxXOiqBgZR7JIdA5g4ov5nfs7sFhRzuWWFiQoRIqbGJnppb6qgd6FfjwRBQsQys0nJycPVb/Syqt32V4eBJShF8McCmRxsfIaAHfOdzPwqQsJ9PsEi7Oz+7v923myvdUnUCMWckxHx5mMjtHe1EPHUCsZaemkGQQOco31beGHpeWhew3VjVQU1bLw/QPjU2MsL613Bg56zvVt4Q7gJpANbAJdE4+j7b8A7WGuGfrlZ+8AAAAASUVORK5CYII=');
insert into attachmentsTable (attachmentEmail, attachmentName, attachmentType, attachmentData) values (48, 'Marcellina', 'jpg', 'data:image/png;base64,iVBORw0KGgoAAAANSUhEUgAAABAAAAAQCAYAAAAf8/9hAAAABGdBTUEAAK/INwWK6QAAABl0RVh0U29mdHdhcmUAQWRvYmUgSW1hZ2VSZWFkeXHJZTwAAAMGSURBVBgZpcFNaJt1HMDx7/MkbdMkzZK0SZxLmlZc07pN+3KoVcEdehR0ysAd9OZBvCmIIIhMPMjQswheFF+QIVitJytTRi0r2crqbE1dbddtVdq0WdbmyfPy//1MQRS8+vlYqsr/EX767elkvif+QyLankctUMGoYnwf1/XxfR+v6eK6LoHjYpoOntOktrV7e31pdTJczHYtThwr5PtzaQ6IKgeMKCKKUcUYwYhijMGI4hvD5YVf0hfc+lL4SHcsn4mGqKz/QWAM5cU1Hh4bZP5KheHjvQS+cOXnNYaG+rh4cZFCXxZjhIH8ITL3HE6FLQtElbaQxc6e0AgsGqaNnYbP93MrGCOI2nh04lrtVLfrFPMpAhEsy8J68+NZtQMHWxTLDjExWmLXa8eIYEQRgcAIgQiJcIOZmXncvSqB57N1q06oszR5PW7vjUc7aGRzmVgmk7V+W/mVlcoKGxs32LixTnTvJ06Ep3DjIxCJyd3a9tXqnfrmcnnuVUtVOfDSe998Ov5g/5nB+4ocikcpZW0OSOBw69IbxLLjLK5uMl8boTy/OP3ZuRefoMWm5fRbX/V2J+OncpluPAPxDv5RW5umMz1M4vAIqf1ZCgmHtnjPI/zNPvnK55azUzs/2J+LYIXBsklELA54d29SrUzR1ZPE1KcoPPQceWeGviPx1Nijr71Oi33h3Wd1cKh/LJVMsVnzMSJ0tlmgytbSF6TvfxKal7n00SfEkw6xWplirEZXOnmaljAtTU/sze0a1zf3abo9zMxdIx0s81TfDpn+DKb+O6hg9ubpP/ky1W/fJ9peaqfFpiXwfXwjeEHA8upN7uw3OabfkewdRhpXUXEYe6aEeLeJRCocPTHJY4WNo7TYtDQ9D8fxKPR0UMxEmEgsUBoYJdq1jQZVsEKUv6wAgjQrZAaKjCZXQj+ePf6Apao8fuadpdy9ucG2SAwxAS/kPmTi+Q8I2WtosAso/7IJdZb489oCla/PnrdUlf+aPTe2rUaiKoqKoCKoCCqKiqCiIIKqlv8CsLWQKDaepcQAAAAASUVORK5CYII=');
insert into attachmentsTable (attachmentEmail, attachmentName, attachmentType, attachmentData) values (49, 'Mord', 'jpg', 'data:image/png;base64,iVBORw0KGgoAAAANSUhEUgAAABAAAAAQCAYAAAAf8/9hAAAABGdBTUEAAK/INwWK6QAAABl0RVh0U29mdHdhcmUAQWRvYmUgSW1hZ2VSZWFkeXHJZTwAAALLSURBVDjLpZPfT1JhGMfprnnd39B1986rtja3TEWGBJocEYbya+oBzgJRt8xwKjoCf1SgqKSiGUqlYiZzGpY6XebMXFOxocIFK8p1c76d8zpXq9lNF8/27H2f7+f5Pu8PAQDB/8RfC2/u1WVErHTmS1oniyko7Bfmk4iVlmCG1t6KWOhMvuZcwCpTHU0a9EioVTjiRCmGQYqmSZ7QlCNZacCyuSp6LuCjVMR+sVpx4uzAkboMMYmQBJ/za/zeB3EOGzbqLhNAndeWYXRVZxocWpl5UI9d4XWkfT4ktRU45kbgRWewY5UScaqIGykXHOAKAdz2GKMNIStsYyYwAQP2RDfwIxjCN7cLiQoVsZys0uNzkZSI+VH2Jfm/AJqeMtYxfRe+xS5YR2lC5wFpdwfSTidSLc04lBcR8SFVfAr43YHSW4zZzSk4phvBjFRi52YB6Zx2d+JreztSTXbES2REyAMOuO5bomzWZHNfNTf7MwTqHjmWPi1gaiOE4aV+dAfqMa+jsCvJIzfBu+DP4kAmwY4wG7MKOWrtflR2R6BpGIgKyntLsbA9h4m1UQRXA/BHPTAN62CzuBClpNwN5GFXnItoiQR3mDao2sJwTKzD4ltELjPECjReBTu2MoSRZT+GlnzwLnSBHtIg1/oET6M7qPe+grJlkoj44AHq9hnIm15AaAtCUOXQZ2nd6ri2T4WuOSf6X3vIWeTbxjCzFkNgfhueyXeo6XsNQ2cERfbnRFzaOg1RXfD08ZycnFwwtOkUSheVrvApUN5LEfrkyh4G5rbwmItH0xuQN08SMcU54gHEwZ8vUd+qvaR3aC+Ka0dZb/g9POFNPOQc3OfsF9tPO/MAcf04coyD7Lm/TGXtyJJZeuISrtAeeAtXaB2K1jCkjc+QYw5AbHyQoEzOa//8qvxo6pruskKmNy2uG+csj6HA2PtdbnZVn9X8BLLktmdBdpY6AAAAAElFTkSuQmCC');
insert into attachmentsTable (attachmentEmail, attachmentName, attachmentType, attachmentData) values (50, 'Hewet', 'jpg', 'data:image/png;base64,iVBORw0KGgoAAAANSUhEUgAAABAAAAAQCAYAAAAf8/9hAAAABGdBTUEAAK/INwWK6QAAABl0RVh0U29mdHdhcmUAQWRvYmUgSW1hZ2VSZWFkeXHJZTwAAAFzSURBVDjLY/j//z8DPlxYWFgAxA9ANDZ5BiIMeASlH5BswPz58+uampo2kuUCkGYgPg/EQvgsweZk5rlz5zYSoxnDAKBmprq6umONjY1vsmdeamvd9Pzc1N2vv/Zse/k0a/6jZWGT7hWGTLhrEdR7hwOrAfPmzWtob29/XlRc9qdjw8P76fMeTU2c9WBi5LQH7UB6ftS0B9MDe+7k+XfeCvRpu6Xr1XJTEMPP2TMvlkzZ8fhn9JSb+ujO9e+6ZebbcSvMu/Wmm2fzDSv3hmuGsHh+BAptkJ9Llj3e2LDu2SVcfvZqucHm0XhD163+mplLzVVtjHgGar7asO75bUKB51R9Vdih4ooqRkprXPfsXsfm558JGQDCtqWXmDAEi5Y+PjNhx4v/QL8aE2MIhkD8zAcbJ+189d+z5UYOWQZ4t9xsnLjj5f/A3ltLyDIAGDXe7Zue/89b/OiZY8UVNpINAEaNUOWqp38qVj3+DwykQEIGAABS5b0Ghvs3EQAAAABJRU5ErkJggg==');

insert into emailAddressTable (emailAddressID, emailAddress) values (1, 'acuddihy0@npr.org');
insert into emailAddressTable (emailAddressID, emailAddress) values (2, 'lglading1@si.edu');
insert into emailAddressTable (emailAddressID, emailAddress) values (3, 'flagrange2@dropbox.com');
insert into emailAddressTable (emailAddressID, emailAddress) values (4, 'amacadie3@redcross.org');
insert into emailAddressTable (emailAddressID, emailAddress) values (5, 'kmacranald4@reuters.com');
insert into emailAddressTable (emailAddressID, emailAddress) values (6, 'lshufflebotham5@seesaa.net');
insert into emailAddressTable (emailAddressID, emailAddress) values (7, 'wchildes6@reuters.com');
insert into emailAddressTable (emailAddressID, emailAddress) values (8, 'rvidineev7@youku.com');
insert into emailAddressTable (emailAddressID, emailAddress) values (9, 'ckeeri8@pinterest.com');
insert into emailAddressTable (emailAddressID, emailAddress) values (10, 'bfoddy9@photobucket.com');
insert into emailAddressTable (emailAddressID, emailAddress) values (11, 'gfiggera@boston.com');
insert into emailAddressTable (emailAddressID, emailAddress) values (12, 'lfoggb@discuz.net');
insert into emailAddressTable (emailAddressID, emailAddress) values (13, 'kiacomoc@mlb.com');
insert into emailAddressTable (emailAddressID, emailAddress) values (14, 'sleemand@soundcloud.com');
insert into emailAddressTable (emailAddressID, emailAddress) values (15, 'kaizikovitze@dailymail.co.uk');
insert into emailAddressTable (emailAddressID, emailAddress) values (16, 'damesf@baidu.com');
insert into emailAddressTable (emailAddressID, emailAddress) values (17, 'bdikesg@shop-pro.jp');
insert into emailAddressTable (emailAddressID, emailAddress) values (18, 'ckitchinghamh@psu.edu');
insert into emailAddressTable (emailAddressID, emailAddress) values (19, 'nstaineri@imageshack.us');
insert into emailAddressTable (emailAddressID, emailAddress) values (20, 'tateggartj@comcast.net');
insert into emailAddressTable (emailAddressID, emailAddress) values (21, 'ewillmottk@xinhuanet.com');
insert into emailAddressTable (emailAddressID, emailAddress) values (22, 'agianiellol@hugedomains.com');
insert into emailAddressTable (emailAddressID, emailAddress) values (23, 'kericksonm@ebay.com');
insert into emailAddressTable (emailAddressID, emailAddress) values (24, 'ccoupen@shareasale.com');
insert into emailAddressTable (emailAddressID, emailAddress) values (25, 'scalkeno@techcrunch.com');
insert into emailAddressTable (emailAddressID, emailAddress) values (26, 'lmaccarrollp@themeforest.net');
insert into emailAddressTable (emailAddressID, emailAddress) values (27, 'tjermynq@fda.gov');
insert into emailAddressTable (emailAddressID, emailAddress) values (28, 'gstoffelr@opera.com');
insert into emailAddressTable (emailAddressID, emailAddress) values (29, 'fandres@last.fm');
insert into emailAddressTable (emailAddressID, emailAddress) values (30, 'bmclagaint@nydailynews.com');
insert into emailAddressTable (emailAddressID, emailAddress) values (31, 'pbrendu@howstuffworks.com');
insert into emailAddressTable (emailAddressID, emailAddress) values (32, 'bllopv@utexas.edu');
insert into emailAddressTable (emailAddressID, emailAddress) values (33, 'gnortheyw@nyu.edu');
insert into emailAddressTable (emailAddressID, emailAddress) values (34, 'gtownshendx@blinklist.com');
insert into emailAddressTable (emailAddressID, emailAddress) values (35, 'adubosey@google.fr');
insert into emailAddressTable (emailAddressID, emailAddress) values (36, 'djennemannz@reference.com');
insert into emailAddressTable (emailAddressID, emailAddress) values (37, 'acobbold10@weather.com');
insert into emailAddressTable (emailAddressID, emailAddress) values (38, 'lhiggonet11@devhub.com');
insert into emailAddressTable (emailAddressID, emailAddress) values (39, 'nlorentz12@cyberchimps.com');
insert into emailAddressTable (emailAddressID, emailAddress) values (40, 'khawke13@goodreads.com');
insert into emailAddressTable (emailAddressID, emailAddress) values (41, 'abilborough14@behance.net');
insert into emailAddressTable (emailAddressID, emailAddress) values (42, 'cboothman15@macromedia.com');
insert into emailAddressTable (emailAddressID, emailAddress) values (43, 'zhalpeine16@phpbb.com');
insert into emailAddressTable (emailAddressID, emailAddress) values (44, 'dround17@diigo.com');
insert into emailAddressTable (emailAddressID, emailAddress) values (45, 'ehuie18@msu.edu');
insert into emailAddressTable (emailAddressID, emailAddress) values (46, 'wmccowen19@eepurl.com');
insert into emailAddressTable (emailAddressID, emailAddress) values (47, 'dbraundt1a@va.gov');
insert into emailAddressTable (emailAddressID, emailAddress) values (48, 'lstandishbrooks1b@constantcontact.com');
insert into emailAddressTable (emailAddressID, emailAddress) values (49, 'mwoolliams1c@dropbox.com');
insert into emailAddressTable (emailAddressID, emailAddress) values (50, 'sshire1d@salon.com');

insert into emailAddressBridge (emailKey, addressKey, type) values (1, 50, 'fr');
insert into emailAddressBridge (emailKey, addressKey, type) values (2, 28, 'fr');
insert into emailAddressBridge (emailKey, addressKey, type) values (3, 34, 'fr');
insert into emailAddressBridge (emailKey, addressKey, type) values (4, 39, 'fr');
insert into emailAddressBridge (emailKey, addressKey, type) values (5, 26, 'fr');
insert into emailAddressBridge (emailKey, addressKey, type) values (6, 22, 'fr');
insert into emailAddressBridge (emailKey, addressKey, type) values (7, 42, 'fr');
insert into emailAddressBridge (emailKey, addressKey, type) values (8, 43, 'fr');
insert into emailAddressBridge (emailKey, addressKey, type) values (9, 2, 'fr');
insert into emailAddressBridge (emailKey, addressKey, type) values (10, 24, 'fr');
insert into emailAddressBridge (emailKey, addressKey, type) values (11, 17, 'fr');
insert into emailAddressBridge (emailKey, addressKey, type) values (12, 34, 'fr');
insert into emailAddressBridge (emailKey, addressKey, type) values (13, 39, 'fr');
insert into emailAddressBridge (emailKey, addressKey, type) values (14, 13, 'fr');
insert into emailAddressBridge (emailKey, addressKey, type) values (15, 45, 'fr');
insert into emailAddressBridge (emailKey, addressKey, type) values (16, 49, 'fr');
insert into emailAddressBridge (emailKey, addressKey, type) values (17, 48, 'fr');
insert into emailAddressBridge (emailKey, addressKey, type) values (18, 43, 'fr');
insert into emailAddressBridge (emailKey, addressKey, type) values (19, 3, 'fr');
insert into emailAddressBridge (emailKey, addressKey, type) values (20, 28, 'fr');
insert into emailAddressBridge (emailKey, addressKey, type) values (21, 25, 'fr');
insert into emailAddressBridge (emailKey, addressKey, type) values (22, 47, 'fr');
insert into emailAddressBridge (emailKey, addressKey, type) values (23, 19, 'fr');
insert into emailAddressBridge (emailKey, addressKey, type) values (24, 50, 'fr');
insert into emailAddressBridge (emailKey, addressKey, type) values (25, 36, 'fr');
insert into emailAddressBridge (emailKey, addressKey, type) values (26, 35, 'fr');
insert into emailAddressBridge (emailKey, addressKey, type) values (27, 48, 'fr');
insert into emailAddressBridge (emailKey, addressKey, type) values (28, 20, 'fr');
insert into emailAddressBridge (emailKey, addressKey, type) values (29, 27, 'fr');
insert into emailAddressBridge (emailKey, addressKey, type) values (30, 33, 'fr');
insert into emailAddressBridge (emailKey, addressKey, type) values (31, 16, 'fr');
insert into emailAddressBridge (emailKey, addressKey, type) values (32, 35, 'fr');
insert into emailAddressBridge (emailKey, addressKey, type) values (33, 46, 'fr');
insert into emailAddressBridge (emailKey, addressKey, type) values (34, 5, 'fr');
insert into emailAddressBridge (emailKey, addressKey, type) values (35, 2, 'fr');
insert into emailAddressBridge (emailKey, addressKey, type) values (36, 23, 'fr');
insert into emailAddressBridge (emailKey, addressKey, type) values (37, 6, 'fr');
insert into emailAddressBridge (emailKey, addressKey, type) values (38, 9, 'fr');
insert into emailAddressBridge (emailKey, addressKey, type) values (39, 26, 'fr');
insert into emailAddressBridge (emailKey, addressKey, type) values (40, 36, 'fr');
insert into emailAddressBridge (emailKey, addressKey, type) values (41, 38, 'fr');
insert into emailAddressBridge (emailKey, addressKey, type) values (42, 28, 'fr');
insert into emailAddressBridge (emailKey, addressKey, type) values (43, 11, 'fr');
insert into emailAddressBridge (emailKey, addressKey, type) values (44, 25, 'fr');
insert into emailAddressBridge (emailKey, addressKey, type) values (45, 27, 'fr');
insert into emailAddressBridge (emailKey, addressKey, type) values (46, 18, 'fr');
insert into emailAddressBridge (emailKey, addressKey, type) values (47, 40, 'fr');
insert into emailAddressBridge (emailKey, addressKey, type) values (48, 35, 'fr');
insert into emailAddressBridge (emailKey, addressKey, type) values (49, 12, 'fr');
insert into emailAddressBridge (emailKey, addressKey, type) values (50, 30, 'fr');

insert into emailAddressBridge (emailKey, addressKey, type) values (1, 9, 'to');
insert into emailAddressBridge (emailKey, addressKey, type) values (2, 21, 'to');
insert into emailAddressBridge (emailKey, addressKey, type) values (3, 15, 'to');
insert into emailAddressBridge (emailKey, addressKey, type) values (4, 26, 'to');
insert into emailAddressBridge (emailKey, addressKey, type) values (5, 30, 'to');
insert into emailAddressBridge (emailKey, addressKey, type) values (6, 50, 'to');
insert into emailAddressBridge (emailKey, addressKey, type) values (7, 25, 'to');
insert into emailAddressBridge (emailKey, addressKey, type) values (8, 43, 'to');
insert into emailAddressBridge (emailKey, addressKey, type) values (9, 12, 'to');
insert into emailAddressBridge (emailKey, addressKey, type) values (10, 41, 'to');
insert into emailAddressBridge (emailKey, addressKey, type) values (11, 2, 'to');
insert into emailAddressBridge (emailKey, addressKey, type) values (12, 48, 'to');
insert into emailAddressBridge (emailKey, addressKey, type) values (13, 12, 'to');
insert into emailAddressBridge (emailKey, addressKey, type) values (14, 22, 'to');
insert into emailAddressBridge (emailKey, addressKey, type) values (15, 5, 'to');
insert into emailAddressBridge (emailKey, addressKey, type) values (16, 26, 'to');
insert into emailAddressBridge (emailKey, addressKey, type) values (17, 37, 'to');
insert into emailAddressBridge (emailKey, addressKey, type) values (18, 27, 'to');
insert into emailAddressBridge (emailKey, addressKey, type) values (19, 11, 'to');
insert into emailAddressBridge (emailKey, addressKey, type) values (20, 49, 'to');
insert into emailAddressBridge (emailKey, addressKey, type) values (21, 44, 'to');
insert into emailAddressBridge (emailKey, addressKey, type) values (22, 30, 'to');
insert into emailAddressBridge (emailKey, addressKey, type) values (23, 7, 'to');
insert into emailAddressBridge (emailKey, addressKey, type) values (24, 24, 'to');
insert into emailAddressBridge (emailKey, addressKey, type) values (25, 20, 'to');
insert into emailAddressBridge (emailKey, addressKey, type) values (26, 43, 'to');
insert into emailAddressBridge (emailKey, addressKey, type) values (27, 23, 'to');
insert into emailAddressBridge (emailKey, addressKey, type) values (28, 45, 'to');
insert into emailAddressBridge (emailKey, addressKey, type) values (29, 34, 'to');
insert into emailAddressBridge (emailKey, addressKey, type) values (30, 2, 'to');
insert into emailAddressBridge (emailKey, addressKey, type) values (31, 7, 'to');
insert into emailAddressBridge (emailKey, addressKey, type) values (32, 8, 'to');
insert into emailAddressBridge (emailKey, addressKey, type) values (33, 28, 'to');
insert into emailAddressBridge (emailKey, addressKey, type) values (34, 7, 'to');
insert into emailAddressBridge (emailKey, addressKey, type) values (35, 27, 'to');
insert into emailAddressBridge (emailKey, addressKey, type) values (36, 41, 'to');
insert into emailAddressBridge (emailKey, addressKey, type) values (37, 46, 'to');
insert into emailAddressBridge (emailKey, addressKey, type) values (38, 15, 'to');
insert into emailAddressBridge (emailKey, addressKey, type) values (39, 35, 'to');
insert into emailAddressBridge (emailKey, addressKey, type) values (40, 40, 'to');
insert into emailAddressBridge (emailKey, addressKey, type) values (41, 8, 'to');
insert into emailAddressBridge (emailKey, addressKey, type) values (42, 16, 'to');
insert into emailAddressBridge (emailKey, addressKey, type) values (43, 47, 'to');
insert into emailAddressBridge (emailKey, addressKey, type) values (44, 29, 'to');
insert into emailAddressBridge (emailKey, addressKey, type) values (45, 43, 'to');
insert into emailAddressBridge (emailKey, addressKey, type) values (46, 8, 'to');
insert into emailAddressBridge (emailKey, addressKey, type) values (47, 20, 'to');
insert into emailAddressBridge (emailKey, addressKey, type) values (48, 8, 'to');
insert into emailAddressBridge (emailKey, addressKey, type) values (49, 40, 'to');
insert into emailAddressBridge (emailKey, addressKey, type) values (50, 40, 'to');

insert into emailAddressBridge (emailKey, addressKey, type) values (13, 22, 'cc');
insert into emailAddressBridge (emailKey, addressKey, type) values (27, 29, 'cc');
insert into emailAddressBridge (emailKey, addressKey, type) values (3, 16, 'cc');
insert into emailAddressBridge (emailKey, addressKey, type) values (31, 27, 'cc');
insert into emailAddressBridge (emailKey, addressKey, type) values (37, 18, 'cc');
insert into emailAddressBridge (emailKey, addressKey, type) values (13, 1, 'cc');
insert into emailAddressBridge (emailKey, addressKey, type) values (27, 11, 'cc');
insert into emailAddressBridge (emailKey, addressKey, type) values (31, 27, 'cc');
insert into emailAddressBridge (emailKey, addressKey, type) values (4, 37, 'cc');
insert into emailAddressBridge (emailKey, addressKey, type) values (6, 32, 'cc');
insert into emailAddressBridge (emailKey, addressKey, type) values (47, 44, 'cc');
insert into emailAddressBridge (emailKey, addressKey, type) values (4, 1, 'cc');
insert into emailAddressBridge (emailKey, addressKey, type) values (14, 25, 'cc');
insert into emailAddressBridge (emailKey, addressKey, type) values (32, 1, 'cc');
insert into emailAddressBridge (emailKey, addressKey, type) values (29, 9, 'cc');
insert into emailAddressBridge (emailKey, addressKey, type) values (47, 11, 'cc');
insert into emailAddressBridge (emailKey, addressKey, type) values (47, 44, 'cc');
insert into emailAddressBridge (emailKey, addressKey, type) values (21, 1, 'cc');
insert into emailAddressBridge (emailKey, addressKey, type) values (1, 31, 'cc');
insert into emailAddressBridge (emailKey, addressKey, type) values (3, 8, 'cc');
insert into emailAddressBridge (emailKey, addressKey, type) values (2, 8, 'cc');
insert into emailAddressBridge (emailKey, addressKey, type) values (26, 7, 'cc');
insert into emailAddressBridge (emailKey, addressKey, type) values (43, 11, 'cc');
insert into emailAddressBridge (emailKey, addressKey, type) values (5, 15, 'cc');
insert into emailAddressBridge (emailKey, addressKey, type) values (22, 38, 'cc');
insert into emailAddressBridge (emailKey, addressKey, type) values (38, 24, 'cc');
insert into emailAddressBridge (emailKey, addressKey, type) values (30, 39, 'cc');
insert into emailAddressBridge (emailKey, addressKey, type) values (39, 7, 'cc');
insert into emailAddressBridge (emailKey, addressKey, type) values (27, 1, 'cc');
insert into emailAddressBridge (emailKey, addressKey, type) values (27, 41, 'cc');
insert into emailAddressBridge (emailKey, addressKey, type) values (6, 36, 'cc');
insert into emailAddressBridge (emailKey, addressKey, type) values (50, 19, 'cc');
insert into emailAddressBridge (emailKey, addressKey, type) values (16, 17, 'cc');
insert into emailAddressBridge (emailKey, addressKey, type) values (48, 7, 'cc');
insert into emailAddressBridge (emailKey, addressKey, type) values (37, 19, 'cc');
insert into emailAddressBridge (emailKey, addressKey, type) values (25, 49, 'cc');
insert into emailAddressBridge (emailKey, addressKey, type) values (41, 19, 'cc');
insert into emailAddressBridge (emailKey, addressKey, type) values (39, 19, 'cc');
insert into emailAddressBridge (emailKey, addressKey, type) values (2, 1, 'cc');
insert into emailAddressBridge (emailKey, addressKey, type) values (26, 20, 'cc');
insert into emailAddressBridge (emailKey, addressKey, type) values (15, 41, 'cc');
insert into emailAddressBridge (emailKey, addressKey, type) values (4, 39, 'cc');
insert into emailAddressBridge (emailKey, addressKey, type) values (13, 15, 'cc');
insert into emailAddressBridge (emailKey, addressKey, type) values (25, 23, 'cc');
insert into emailAddressBridge (emailKey, addressKey, type) values (30, 14, 'cc');
insert into emailAddressBridge (emailKey, addressKey, type) values (5, 15, 'cc');
insert into emailAddressBridge (emailKey, addressKey, type) values (38, 24, 'cc');
insert into emailAddressBridge (emailKey, addressKey, type) values (32, 24, 'cc');
insert into emailAddressBridge (emailKey, addressKey, type) values (20, 14, 'cc');
insert into emailAddressBridge (emailKey, addressKey, type) values (27, 49, 'cc');
